modelo,prompt,metrica,valor,arquivo
corpus_split,Original,flesch,5.94345,metrics_corpus_split2_Original_0.json
corpus_split,Original,sentences_per_paragraph,14.0,metrics_corpus_split2_Original_0.json
corpus_split,Original,syllables_per_content_word,2.95673,metrics_corpus_split2_Original_0.json
corpus_split,Original,words_per_sentence,45.21429,metrics_corpus_split2_Original_0.json
corpus_split,Original,noun_ratio,0.44234,metrics_corpus_split2_Original_0.json
corpus_split,Original,cw_freq_brwac,4.02746,metrics_corpus_split2_Original_0.json
corpus_split,Original,brunet,12.27227,metrics_corpus_split2_Original_0.json
corpus_split,Original,honore,924.76445,metrics_corpus_split2_Original_0.json
corpus_split,Original,ttr,0.71438,metrics_corpus_split2_Original_0.json
corpus_split,Original,gunning_fox,33.82031,metrics_corpus_split2_Original_0.json
corpus_split,Original,flesch,19.13479,metrics_corpus_split2_Original_1.json
corpus_split,Original,sentences_per_paragraph,60.0,metrics_corpus_split2_Original_1.json
corpus_split,Original,syllables_per_content_word,3.14468,metrics_corpus_split2_Original_1.json
corpus_split,Original,words_per_sentence,21.95,metrics_corpus_split2_Original_1.json
corpus_split,Original,noun_ratio,0.5186,metrics_corpus_split2_Original_1.json
corpus_split,Original,cw_freq_brwac,3.22615,metrics_corpus_split2_Original_1.json
corpus_split,Original,brunet,12.7268,metrics_corpus_split2_Original_1.json
corpus_split,Original,honore,946.39119,metrics_corpus_split2_Original_1.json
corpus_split,Original,ttr,0.72511,metrics_corpus_split2_Original_1.json
corpus_split,Original,gunning_fox,25.87947,metrics_corpus_split2_Original_1.json
corpus_split,Original,flesch,12.02146,metrics_corpus_split2_Original_2.json
corpus_split,Original,sentences_per_paragraph,42.0,metrics_corpus_split2_Original_2.json
corpus_split,Original,syllables_per_content_word,2.95016,metrics_corpus_split2_Original_2.json
corpus_split,Original,words_per_sentence,31.30952,metrics_corpus_split2_Original_2.json
corpus_split,Original,noun_ratio,0.54677,metrics_corpus_split2_Original_2.json
corpus_split,Original,cw_freq_brwac,3.19702,metrics_corpus_split2_Original_2.json
corpus_split,Original,brunet,12.60339,metrics_corpus_split2_Original_2.json
corpus_split,Original,honore,882.89591,metrics_corpus_split2_Original_2.json
corpus_split,Original,ttr,0.72654,metrics_corpus_split2_Original_2.json
corpus_split,Original,gunning_fox,30.19681,metrics_corpus_split2_Original_2.json
corpus_split,Original,flesch,22.70161,metrics_corpus_split2_Original_3.json
corpus_split,Original,sentences_per_paragraph,55.0,metrics_corpus_split2_Original_3.json
corpus_split,Original,syllables_per_content_word,3.09701,metrics_corpus_split2_Original_3.json
corpus_split,Original,words_per_sentence,24.14545,metrics_corpus_split2_Original_3.json
corpus_split,Original,noun_ratio,0.44955,metrics_corpus_split2_Original_3.json
corpus_split,Original,cw_freq_brwac,3.5258,metrics_corpus_split2_Original_3.json
corpus_split,Original,brunet,12.51556,metrics_corpus_split2_Original_3.json
corpus_split,Original,honore,971.28028,metrics_corpus_split2_Original_3.json
corpus_split,Original,ttr,0.74574,metrics_corpus_split2_Original_3.json
corpus_split,Original,gunning_fox,26.70637,metrics_corpus_split2_Original_3.json
corpus_split,Original,flesch,17.77855,metrics_corpus_split2_Original_4.json
corpus_split,Original,sentences_per_paragraph,17.0,metrics_corpus_split2_Original_4.json
corpus_split,Original,syllables_per_content_word,3.10175,metrics_corpus_split2_Original_4.json
corpus_split,Original,words_per_sentence,27.05882,metrics_corpus_split2_Original_4.json
corpus_split,Original,noun_ratio,0.45217,metrics_corpus_split2_Original_4.json
corpus_split,Original,cw_freq_brwac,3.52448,metrics_corpus_split2_Original_4.json
corpus_split,Original,brunet,11.61874,metrics_corpus_split2_Original_4.json
corpus_split,Original,honore,954.15489,metrics_corpus_split2_Original_4.json
corpus_split,Original,ttr,0.75371,metrics_corpus_split2_Original_4.json
corpus_split,Original,gunning_fox,27.95396,metrics_corpus_split2_Original_4.json
corpus_split,Original,flesch,22.48145,metrics_corpus_split2_Original_5.json
corpus_split,Original,sentences_per_paragraph,43.0,metrics_corpus_split2_Original_5.json
corpus_split,Original,syllables_per_content_word,3.22616,metrics_corpus_split2_Original_5.json
corpus_split,Original,words_per_sentence,12.90698,metrics_corpus_split2_Original_5.json
corpus_split,Original,noun_ratio,0.47748,metrics_corpus_split2_Original_5.json
corpus_split,Original,cw_freq_brwac,3.50473,metrics_corpus_split2_Original_5.json
corpus_split,Original,brunet,11.72293,metrics_corpus_split2_Original_5.json
corpus_split,Original,honore,1066.05227,metrics_corpus_split2_Original_5.json
corpus_split,Original,ttr,0.75531,metrics_corpus_split2_Original_5.json
corpus_split,Original,gunning_fox,24.04567,metrics_corpus_split2_Original_5.json
corpus_split,Original,flesch,16.38538,metrics_corpus_split2_Original_6.json
corpus_split,Original,sentences_per_paragraph,55.0,metrics_corpus_split2_Original_6.json
corpus_split,Original,syllables_per_content_word,3.23262,metrics_corpus_split2_Original_6.json
corpus_split,Original,words_per_sentence,23.21818,metrics_corpus_split2_Original_6.json
corpus_split,Original,noun_ratio,0.36962,metrics_corpus_split2_Original_6.json
corpus_split,Original,cw_freq_brwac,4.22895,metrics_corpus_split2_Original_6.json
corpus_split,Original,brunet,13.78784,metrics_corpus_split2_Original_6.json
corpus_split,Original,honore,732.05364,metrics_corpus_split2_Original_6.json
corpus_split,Original,ttr,0.73267,metrics_corpus_split2_Original_6.json
corpus_split,Original,gunning_fox,25.1056,metrics_corpus_split2_Original_6.json
corpus_split,Original,flesch,34.97202,metrics_corpus_split2_Original_7.json
corpus_split,Original,sentences_per_paragraph,78.0,metrics_corpus_split2_Original_7.json
corpus_split,Original,syllables_per_content_word,3.02974,metrics_corpus_split2_Original_7.json
corpus_split,Original,words_per_sentence,16.83333,metrics_corpus_split2_Original_7.json
corpus_split,Original,noun_ratio,0.37471,metrics_corpus_split2_Original_7.json
corpus_split,Original,cw_freq_brwac,4.0575,metrics_corpus_split2_Original_7.json
corpus_split,Original,brunet,13.03395,metrics_corpus_split2_Original_7.json
corpus_split,Original,honore,862.60693,metrics_corpus_split2_Original_7.json
corpus_split,Original,ttr,0.7318,metrics_corpus_split2_Original_7.json
corpus_split,Original,gunning_fox,22.14841,metrics_corpus_split2_Original_7.json
corpus_split,Original,flesch,62.96114,metrics_corpus_split2_Original_8.json
corpus_split,Original,sentences_per_paragraph,20.0,metrics_corpus_split2_Original_8.json
corpus_split,Original,syllables_per_content_word,2.55556,metrics_corpus_split2_Original_8.json
corpus_split,Original,words_per_sentence,9.1,metrics_corpus_split2_Original_8.json
corpus_split,Original,noun_ratio,0.43956,metrics_corpus_split2_Original_8.json
corpus_split,Original,cw_freq_brwac,3.55117,metrics_corpus_split2_Original_8.json
corpus_split,Original,brunet,10.78986,metrics_corpus_split2_Original_8.json
corpus_split,Original,honore,962.623,metrics_corpus_split2_Original_8.json
corpus_split,Original,ttr,0.65048,metrics_corpus_split2_Original_8.json
corpus_split,Original,gunning_fox,15.28835,metrics_corpus_split2_Original_8.json
corpus_split,Original,flesch,-3.24784,metrics_corpus_split2_Original_9.json
corpus_split,Original,sentences_per_paragraph,23.0,metrics_corpus_split2_Original_9.json
corpus_split,Original,syllables_per_content_word,3.25,metrics_corpus_split2_Original_9.json
corpus_split,Original,words_per_sentence,45.08696,metrics_corpus_split2_Original_9.json
corpus_split,Original,noun_ratio,0.48216,metrics_corpus_split2_Original_9.json
corpus_split,Original,cw_freq_brwac,3.65364,metrics_corpus_split2_Original_9.json
corpus_split,Original,brunet,12.92514,metrics_corpus_split2_Original_9.json
corpus_split,Original,honore,976.09938,metrics_corpus_split2_Original_9.json
corpus_split,Original,ttr,0.68743,metrics_corpus_split2_Original_9.json
corpus_split,Original,gunning_fox,35.04539,metrics_corpus_split2_Original_9.json
gemini,"Identity,_Intent_and_Behaviour",flesch,63.77901,"metrics_output_gemini_limpo_Identity,_Intent_and_Behaviour_0.json"
gemini,"Identity,_Intent_and_Behaviour",sentences_per_paragraph,1.06,"metrics_output_gemini_limpo_Identity,_Intent_and_Behaviour_0.json"
gemini,"Identity,_Intent_and_Behaviour",syllables_per_content_word,2.56113,"metrics_output_gemini_limpo_Identity,_Intent_and_Behaviour_0.json"
gemini,"Identity,_Intent_and_Behaviour",words_per_sentence,9.49057,"metrics_output_gemini_limpo_Identity,_Intent_and_Behaviour_0.json"
gemini,"Identity,_Intent_and_Behaviour",noun_ratio,0.39165,"metrics_output_gemini_limpo_Identity,_Intent_and_Behaviour_0.json"
gemini,"Identity,_Intent_and_Behaviour",cw_freq_brwac,4.19515,"metrics_output_gemini_limpo_Identity,_Intent_and_Behaviour_0.json"
gemini,"Identity,_Intent_and_Behaviour",brunet,12.53819,"metrics_output_gemini_limpo_Identity,_Intent_and_Behaviour_0.json"
gemini,"Identity,_Intent_and_Behaviour",honore,890.37593,"metrics_output_gemini_limpo_Identity,_Intent_and_Behaviour_0.json"
gemini,"Identity,_Intent_and_Behaviour",ttr,0.68953,"metrics_output_gemini_limpo_Identity,_Intent_and_Behaviour_0.json"
gemini,"Identity,_Intent_and_Behaviour",gunning_fox,16.28132,"metrics_output_gemini_limpo_Identity,_Intent_and_Behaviour_0.json"
gemini,"Identity,_Intent_and_Behaviour",flesch,42.83732,"metrics_output_gemini_limpo_Identity,_Intent_and_Behaviour_1.json"
gemini,"Identity,_Intent_and_Behaviour",sentences_per_paragraph,1.38462,"metrics_output_gemini_limpo_Identity,_Intent_and_Behaviour_1.json"
gemini,"Identity,_Intent_and_Behaviour",syllables_per_content_word,2.88809,"metrics_output_gemini_limpo_Identity,_Intent_and_Behaviour_1.json"
gemini,"Identity,_Intent_and_Behaviour",words_per_sentence,12.05556,"metrics_output_gemini_limpo_Identity,_Intent_and_Behaviour_1.json"
gemini,"Identity,_Intent_and_Behaviour",noun_ratio,0.45392,"metrics_output_gemini_limpo_Identity,_Intent_and_Behaviour_1.json"
gemini,"Identity,_Intent_and_Behaviour",cw_freq_brwac,3.60308,"metrics_output_gemini_limpo_Identity,_Intent_and_Behaviour_1.json"
gemini,"Identity,_Intent_and_Behaviour",brunet,11.78778,"metrics_output_gemini_limpo_Identity,_Intent_and_Behaviour_1.json"
gemini,"Identity,_Intent_and_Behaviour",honore,1087.38612,"metrics_output_gemini_limpo_Identity,_Intent_and_Behaviour_1.json"
gemini,"Identity,_Intent_and_Behaviour",ttr,0.74493,"metrics_output_gemini_limpo_Identity,_Intent_and_Behaviour_1.json"
gemini,"Identity,_Intent_and_Behaviour",gunning_fox,21.50425,"metrics_output_gemini_limpo_Identity,_Intent_and_Behaviour_1.json"
gemini,"Identity,_Intent_and_Behaviour",flesch,47.419,"metrics_output_gemini_limpo_Identity,_Intent_and_Behaviour_2.json"
gemini,"Identity,_Intent_and_Behaviour",sentences_per_paragraph,1.36667,"metrics_output_gemini_limpo_Identity,_Intent_and_Behaviour_2.json"
gemini,"Identity,_Intent_and_Behaviour",syllables_per_content_word,2.49091,"metrics_output_gemini_limpo_Identity,_Intent_and_Behaviour_2.json"
gemini,"Identity,_Intent_and_Behaviour",words_per_sentence,17.82927,"metrics_output_gemini_limpo_Identity,_Intent_and_Behaviour_2.json"
gemini,"Identity,_Intent_and_Behaviour",noun_ratio,0.65253,"metrics_output_gemini_limpo_Identity,_Intent_and_Behaviour_2.json"
gemini,"Identity,_Intent_and_Behaviour",cw_freq_brwac,2.77352,"metrics_output_gemini_limpo_Identity,_Intent_and_Behaviour_2.json"
gemini,"Identity,_Intent_and_Behaviour",brunet,13.19995,"metrics_output_gemini_limpo_Identity,_Intent_and_Behaviour_2.json"
gemini,"Identity,_Intent_and_Behaviour",honore,715.97934,"metrics_output_gemini_limpo_Identity,_Intent_and_Behaviour_2.json"
gemini,"Identity,_Intent_and_Behaviour",ttr,0.66807,"metrics_output_gemini_limpo_Identity,_Intent_and_Behaviour_2.json"
gemini,"Identity,_Intent_and_Behaviour",gunning_fox,21.68711,"metrics_output_gemini_limpo_Identity,_Intent_and_Behaviour_2.json"
gemini,"Identity,_Intent_and_Behaviour",flesch,54.06792,"metrics_output_gemini_limpo_Identity,_Intent_and_Behaviour_3.json"
gemini,"Identity,_Intent_and_Behaviour",sentences_per_paragraph,1.58621,"metrics_output_gemini_limpo_Identity,_Intent_and_Behaviour_3.json"
gemini,"Identity,_Intent_and_Behaviour",syllables_per_content_word,2.66833,"metrics_output_gemini_limpo_Identity,_Intent_and_Behaviour_3.json"
gemini,"Identity,_Intent_and_Behaviour",words_per_sentence,13.58696,"metrics_output_gemini_limpo_Identity,_Intent_and_Behaviour_3.json"
gemini,"Identity,_Intent_and_Behaviour",noun_ratio,0.4832,"metrics_output_gemini_limpo_Identity,_Intent_and_Behaviour_3.json"
gemini,"Identity,_Intent_and_Behaviour",cw_freq_brwac,3.48224,"metrics_output_gemini_limpo_Identity,_Intent_and_Behaviour_3.json"
gemini,"Identity,_Intent_and_Behaviour",brunet,12.11469,"metrics_output_gemini_limpo_Identity,_Intent_and_Behaviour_3.json"
gemini,"Identity,_Intent_and_Behaviour",honore,1093.88806,"metrics_output_gemini_limpo_Identity,_Intent_and_Behaviour_3.json"
gemini,"Identity,_Intent_and_Behaviour",ttr,0.69616,"metrics_output_gemini_limpo_Identity,_Intent_and_Behaviour_3.json"
gemini,"Identity,_Intent_and_Behaviour",gunning_fox,20.85878,"metrics_output_gemini_limpo_Identity,_Intent_and_Behaviour_3.json"
gemini,"Identity,_Intent_and_Behaviour",flesch,56.6027,"metrics_output_gemini_limpo_Identity,_Intent_and_Behaviour_4.json"
gemini,"Identity,_Intent_and_Behaviour",sentences_per_paragraph,1.26923,"metrics_output_gemini_limpo_Identity,_Intent_and_Behaviour_4.json"
gemini,"Identity,_Intent_and_Behaviour",syllables_per_content_word,2.61993,"metrics_output_gemini_limpo_Identity,_Intent_and_Behaviour_4.json"
gemini,"Identity,_Intent_and_Behaviour",words_per_sentence,12.90909,"metrics_output_gemini_limpo_Identity,_Intent_and_Behaviour_4.json"
gemini,"Identity,_Intent_and_Behaviour",noun_ratio,0.47418,"metrics_output_gemini_limpo_Identity,_Intent_and_Behaviour_4.json"
gemini,"Identity,_Intent_and_Behaviour",cw_freq_brwac,3.337,"metrics_output_gemini_limpo_Identity,_Intent_and_Behaviour_4.json"
gemini,"Identity,_Intent_and_Behaviour",brunet,11.63901,"metrics_output_gemini_limpo_Identity,_Intent_and_Behaviour_4.json"
gemini,"Identity,_Intent_and_Behaviour",honore,1117.49908,"metrics_output_gemini_limpo_Identity,_Intent_and_Behaviour_4.json"
gemini,"Identity,_Intent_and_Behaviour",ttr,0.75887,"metrics_output_gemini_limpo_Identity,_Intent_and_Behaviour_4.json"
gemini,"Identity,_Intent_and_Behaviour",gunning_fox,19.62373,"metrics_output_gemini_limpo_Identity,_Intent_and_Behaviour_4.json"
gemini,"Identity,_Intent_and_Behaviour",flesch,49.11463,"metrics_output_gemini_limpo_Identity,_Intent_and_Behaviour_5.json"
gemini,"Identity,_Intent_and_Behaviour",sentences_per_paragraph,1.40909,"metrics_output_gemini_limpo_Identity,_Intent_and_Behaviour_5.json"
gemini,"Identity,_Intent_and_Behaviour",syllables_per_content_word,2.73387,"metrics_output_gemini_limpo_Identity,_Intent_and_Behaviour_5.json"
gemini,"Identity,_Intent_and_Behaviour",words_per_sentence,12.16129,"metrics_output_gemini_limpo_Identity,_Intent_and_Behaviour_5.json"
gemini,"Identity,_Intent_and_Behaviour",noun_ratio,0.45623,"metrics_output_gemini_limpo_Identity,_Intent_and_Behaviour_5.json"
gemini,"Identity,_Intent_and_Behaviour",cw_freq_brwac,3.76504,"metrics_output_gemini_limpo_Identity,_Intent_and_Behaviour_5.json"
gemini,"Identity,_Intent_and_Behaviour",brunet,12.08032,"metrics_output_gemini_limpo_Identity,_Intent_and_Behaviour_5.json"
gemini,"Identity,_Intent_and_Behaviour",honore,916.03248,"metrics_output_gemini_limpo_Identity,_Intent_and_Behaviour_5.json"
gemini,"Identity,_Intent_and_Behaviour",ttr,0.69748,"metrics_output_gemini_limpo_Identity,_Intent_and_Behaviour_5.json"
gemini,"Identity,_Intent_and_Behaviour",gunning_fox,20.67353,"metrics_output_gemini_limpo_Identity,_Intent_and_Behaviour_5.json"
gemini,"Identity,_Intent_and_Behaviour",flesch,46.48078,"metrics_output_gemini_limpo_Identity,_Intent_and_Behaviour_6.json"
gemini,"Identity,_Intent_and_Behaviour",sentences_per_paragraph,1.41026,"metrics_output_gemini_limpo_Identity,_Intent_and_Behaviour_6.json"
gemini,"Identity,_Intent_and_Behaviour",syllables_per_content_word,2.83247,"metrics_output_gemini_limpo_Identity,_Intent_and_Behaviour_6.json"
gemini,"Identity,_Intent_and_Behaviour",words_per_sentence,11.25455,"metrics_output_gemini_limpo_Identity,_Intent_and_Behaviour_6.json"
gemini,"Identity,_Intent_and_Behaviour",noun_ratio,0.39742,"metrics_output_gemini_limpo_Identity,_Intent_and_Behaviour_6.json"
gemini,"Identity,_Intent_and_Behaviour",cw_freq_brwac,4.15382,"metrics_output_gemini_limpo_Identity,_Intent_and_Behaviour_6.json"
gemini,"Identity,_Intent_and_Behaviour",brunet,12.87507,"metrics_output_gemini_limpo_Identity,_Intent_and_Behaviour_6.json"
gemini,"Identity,_Intent_and_Behaviour",honore,787.55063,"metrics_output_gemini_limpo_Identity,_Intent_and_Behaviour_6.json"
gemini,"Identity,_Intent_and_Behaviour",ttr,0.69313,"metrics_output_gemini_limpo_Identity,_Intent_and_Behaviour_6.json"
gemini,"Identity,_Intent_and_Behaviour",gunning_fox,19.3645,"metrics_output_gemini_limpo_Identity,_Intent_and_Behaviour_6.json"
gemini,"Identity,_Intent_and_Behaviour",flesch,51.77715,"metrics_output_gemini_limpo_Identity,_Intent_and_Behaviour_7.json"
gemini,"Identity,_Intent_and_Behaviour",sentences_per_paragraph,1.41463,"metrics_output_gemini_limpo_Identity,_Intent_and_Behaviour_7.json"
gemini,"Identity,_Intent_and_Behaviour",syllables_per_content_word,2.68217,"metrics_output_gemini_limpo_Identity,_Intent_and_Behaviour_7.json"
gemini,"Identity,_Intent_and_Behaviour",words_per_sentence,13.98276,"metrics_output_gemini_limpo_Identity,_Intent_and_Behaviour_7.json"
gemini,"Identity,_Intent_and_Behaviour",noun_ratio,0.40567,"metrics_output_gemini_limpo_Identity,_Intent_and_Behaviour_7.json"
gemini,"Identity,_Intent_and_Behaviour",cw_freq_brwac,4.04511,"metrics_output_gemini_limpo_Identity,_Intent_and_Behaviour_7.json"
gemini,"Identity,_Intent_and_Behaviour",brunet,13.11949,"metrics_output_gemini_limpo_Identity,_Intent_and_Behaviour_7.json"
gemini,"Identity,_Intent_and_Behaviour",honore,790.96517,"metrics_output_gemini_limpo_Identity,_Intent_and_Behaviour_7.json"
gemini,"Identity,_Intent_and_Behaviour",ttr,0.70312,"metrics_output_gemini_limpo_Identity,_Intent_and_Behaviour_7.json"
gemini,"Identity,_Intent_and_Behaviour",gunning_fox,19.50186,"metrics_output_gemini_limpo_Identity,_Intent_and_Behaviour_7.json"
gemini,"Identity,_Intent_and_Behaviour",flesch,47.21627,"metrics_output_gemini_limpo_Identity,_Intent_and_Behaviour_8.json"
gemini,"Identity,_Intent_and_Behaviour",sentences_per_paragraph,1.41176,"metrics_output_gemini_limpo_Identity,_Intent_and_Behaviour_8.json"
gemini,"Identity,_Intent_and_Behaviour",syllables_per_content_word,2.70968,"metrics_output_gemini_limpo_Identity,_Intent_and_Behaviour_8.json"
gemini,"Identity,_Intent_and_Behaviour",words_per_sentence,11.625,"metrics_output_gemini_limpo_Identity,_Intent_and_Behaviour_8.json"
gemini,"Identity,_Intent_and_Behaviour",noun_ratio,0.42652,"metrics_output_gemini_limpo_Identity,_Intent_and_Behaviour_8.json"
gemini,"Identity,_Intent_and_Behaviour",cw_freq_brwac,3.8772,"metrics_output_gemini_limpo_Identity,_Intent_and_Behaviour_8.json"
gemini,"Identity,_Intent_and_Behaviour",brunet,11.7138,"metrics_output_gemini_limpo_Identity,_Intent_and_Behaviour_8.json"
gemini,"Identity,_Intent_and_Behaviour",honore,636.7004,"metrics_output_gemini_limpo_Identity,_Intent_and_Behaviour_8.json"
gemini,"Identity,_Intent_and_Behaviour",ttr,0.71256,"metrics_output_gemini_limpo_Identity,_Intent_and_Behaviour_8.json"
gemini,"Identity,_Intent_and_Behaviour",gunning_fox,19.9905,"metrics_output_gemini_limpo_Identity,_Intent_and_Behaviour_8.json"
gemini,"Identity,_Intent_and_Behaviour",flesch,53.33929,"metrics_output_gemini_limpo_Identity,_Intent_and_Behaviour_9.json"
gemini,"Identity,_Intent_and_Behaviour",sentences_per_paragraph,1.23529,"metrics_output_gemini_limpo_Identity,_Intent_and_Behaviour_9.json"
gemini,"Identity,_Intent_and_Behaviour",syllables_per_content_word,2.60794,"metrics_output_gemini_limpo_Identity,_Intent_and_Behaviour_9.json"
gemini,"Identity,_Intent_and_Behaviour",words_per_sentence,14.0,"metrics_output_gemini_limpo_Identity,_Intent_and_Behaviour_9.json"
gemini,"Identity,_Intent_and_Behaviour",noun_ratio,0.5034,"metrics_output_gemini_limpo_Identity,_Intent_and_Behaviour_9.json"
gemini,"Identity,_Intent_and_Behaviour",cw_freq_brwac,3.43023,"metrics_output_gemini_limpo_Identity,_Intent_and_Behaviour_9.json"
gemini,"Identity,_Intent_and_Behaviour",brunet,12.81767,"metrics_output_gemini_limpo_Identity,_Intent_and_Behaviour_9.json"
gemini,"Identity,_Intent_and_Behaviour",honore,916.02481,"metrics_output_gemini_limpo_Identity,_Intent_and_Behaviour_9.json"
gemini,"Identity,_Intent_and_Behaviour",ttr,0.65444,"metrics_output_gemini_limpo_Identity,_Intent_and_Behaviour_9.json"
gemini,"Identity,_Intent_and_Behaviour",gunning_fox,19.74966,"metrics_output_gemini_limpo_Identity,_Intent_and_Behaviour_9.json"
gemini,Tree_of_Thought,flesch,53.85778,metrics_output_gemini_limpo_Tree_of_Thought_0.json
gemini,Tree_of_Thought,sentences_per_paragraph,1.11765,metrics_output_gemini_limpo_Tree_of_Thought_0.json
gemini,Tree_of_Thought,syllables_per_content_word,2.59794,metrics_output_gemini_limpo_Tree_of_Thought_0.json
gemini,Tree_of_Thought,words_per_sentence,15.47368,metrics_output_gemini_limpo_Tree_of_Thought_0.json
gemini,Tree_of_Thought,noun_ratio,0.42177,metrics_output_gemini_limpo_Tree_of_Thought_0.json
gemini,Tree_of_Thought,cw_freq_brwac,3.81945,metrics_output_gemini_limpo_Tree_of_Thought_0.json
gemini,Tree_of_Thought,brunet,11.82644,metrics_output_gemini_limpo_Tree_of_Thought_0.json
gemini,Tree_of_Thought,honore,1040.7086,metrics_output_gemini_limpo_Tree_of_Thought_0.json
gemini,Tree_of_Thought,ttr,0.68856,metrics_output_gemini_limpo_Tree_of_Thought_0.json
gemini,Tree_of_Thought,gunning_fox,18.97859,metrics_output_gemini_limpo_Tree_of_Thought_0.json
gemini,Tree_of_Thought,flesch,42.22637,metrics_output_gemini_limpo_Tree_of_Thought_1.json
gemini,Tree_of_Thought,sentences_per_paragraph,1.30769,metrics_output_gemini_limpo_Tree_of_Thought_1.json
gemini,Tree_of_Thought,syllables_per_content_word,2.83696,metrics_output_gemini_limpo_Tree_of_Thought_1.json
gemini,Tree_of_Thought,words_per_sentence,17.29412,metrics_output_gemini_limpo_Tree_of_Thought_1.json
gemini,Tree_of_Thought,noun_ratio,0.41156,metrics_output_gemini_limpo_Tree_of_Thought_1.json
gemini,Tree_of_Thought,cw_freq_brwac,3.81221,metrics_output_gemini_limpo_Tree_of_Thought_1.json
gemini,Tree_of_Thought,brunet,11.50429,metrics_output_gemini_limpo_Tree_of_Thought_1.json
gemini,Tree_of_Thought,honore,916.03112,metrics_output_gemini_limpo_Tree_of_Thought_1.json
gemini,Tree_of_Thought,ttr,0.72395,metrics_output_gemini_limpo_Tree_of_Thought_1.json
gemini,Tree_of_Thought,gunning_fox,22.01969,metrics_output_gemini_limpo_Tree_of_Thought_1.json
gemini,Tree_of_Thought,flesch,47.45531,metrics_output_gemini_limpo_Tree_of_Thought_2.json
gemini,Tree_of_Thought,sentences_per_paragraph,1.27778,metrics_output_gemini_limpo_Tree_of_Thought_2.json
gemini,Tree_of_Thought,syllables_per_content_word,2.61373,metrics_output_gemini_limpo_Tree_of_Thought_2.json
gemini,Tree_of_Thought,words_per_sentence,14.73913,metrics_output_gemini_limpo_Tree_of_Thought_2.json
gemini,Tree_of_Thought,noun_ratio,0.53982,metrics_output_gemini_limpo_Tree_of_Thought_2.json
gemini,Tree_of_Thought,cw_freq_brwac,3.25533,metrics_output_gemini_limpo_Tree_of_Thought_2.json
gemini,Tree_of_Thought,brunet,11.2973,metrics_output_gemini_limpo_Tree_of_Thought_2.json
gemini,Tree_of_Thought,honore,1194.48962,metrics_output_gemini_limpo_Tree_of_Thought_2.json
gemini,Tree_of_Thought,ttr,0.73767,metrics_output_gemini_limpo_Tree_of_Thought_2.json
gemini,Tree_of_Thought,gunning_fox,20.64491,metrics_output_gemini_limpo_Tree_of_Thought_2.json
gemini,Tree_of_Thought,flesch,54.05943,metrics_output_gemini_limpo_Tree_of_Thought_3.json
gemini,Tree_of_Thought,sentences_per_paragraph,1.54545,metrics_output_gemini_limpo_Tree_of_Thought_3.json
gemini,Tree_of_Thought,syllables_per_content_word,2.58491,metrics_output_gemini_limpo_Tree_of_Thought_3.json
gemini,Tree_of_Thought,words_per_sentence,16.35294,metrics_output_gemini_limpo_Tree_of_Thought_3.json
gemini,Tree_of_Thought,noun_ratio,0.49281,metrics_output_gemini_limpo_Tree_of_Thought_3.json
gemini,Tree_of_Thought,cw_freq_brwac,3.32292,metrics_output_gemini_limpo_Tree_of_Thought_3.json
gemini,Tree_of_Thought,brunet,12.1881,metrics_output_gemini_limpo_Tree_of_Thought_3.json
gemini,Tree_of_Thought,honore,983.94889,metrics_output_gemini_limpo_Tree_of_Thought_3.json
gemini,Tree_of_Thought,ttr,0.7074,metrics_output_gemini_limpo_Tree_of_Thought_3.json
gemini,Tree_of_Thought,gunning_fox,21.50521,metrics_output_gemini_limpo_Tree_of_Thought_3.json
gemini,Tree_of_Thought,flesch,50.08291,metrics_output_gemini_limpo_Tree_of_Thought_4.json
gemini,Tree_of_Thought,sentences_per_paragraph,1.3125,metrics_output_gemini_limpo_Tree_of_Thought_4.json
gemini,Tree_of_Thought,syllables_per_content_word,2.62613,metrics_output_gemini_limpo_Tree_of_Thought_4.json
gemini,Tree_of_Thought,words_per_sentence,15.80952,metrics_output_gemini_limpo_Tree_of_Thought_4.json
gemini,Tree_of_Thought,noun_ratio,0.50602,metrics_output_gemini_limpo_Tree_of_Thought_4.json
gemini,Tree_of_Thought,cw_freq_brwac,3.41404,metrics_output_gemini_limpo_Tree_of_Thought_4.json
gemini,Tree_of_Thought,brunet,11.50069,metrics_output_gemini_limpo_Tree_of_Thought_4.json
gemini,Tree_of_Thought,honore,903.80422,metrics_output_gemini_limpo_Tree_of_Thought_4.json
gemini,Tree_of_Thought,ttr,0.72845,metrics_output_gemini_limpo_Tree_of_Thought_4.json
gemini,Tree_of_Thought,gunning_fox,21.0226,metrics_output_gemini_limpo_Tree_of_Thought_4.json
gemini,Tree_of_Thought,flesch,44.36454,metrics_output_gemini_limpo_Tree_of_Thought_5.json
gemini,Tree_of_Thought,sentences_per_paragraph,1.4,metrics_output_gemini_limpo_Tree_of_Thought_5.json
gemini,Tree_of_Thought,syllables_per_content_word,2.70408,metrics_output_gemini_limpo_Tree_of_Thought_5.json
gemini,Tree_of_Thought,words_per_sentence,22.07143,metrics_output_gemini_limpo_Tree_of_Thought_5.json
gemini,Tree_of_Thought,noun_ratio,0.37864,metrics_output_gemini_limpo_Tree_of_Thought_5.json
gemini,Tree_of_Thought,cw_freq_brwac,4.0464,metrics_output_gemini_limpo_Tree_of_Thought_5.json
gemini,Tree_of_Thought,brunet,11.7245,metrics_output_gemini_limpo_Tree_of_Thought_5.json
gemini,Tree_of_Thought,honore,1100.82375,metrics_output_gemini_limpo_Tree_of_Thought_5.json
gemini,Tree_of_Thought,ttr,0.69433,metrics_output_gemini_limpo_Tree_of_Thought_5.json
gemini,Tree_of_Thought,gunning_fox,23.4564,metrics_output_gemini_limpo_Tree_of_Thought_5.json
gemini,Tree_of_Thought,flesch,52.47621,metrics_output_gemini_limpo_Tree_of_Thought_6.json
gemini,Tree_of_Thought,sentences_per_paragraph,1.35,metrics_output_gemini_limpo_Tree_of_Thought_6.json
gemini,Tree_of_Thought,syllables_per_content_word,2.64338,metrics_output_gemini_limpo_Tree_of_Thought_6.json
gemini,Tree_of_Thought,words_per_sentence,15.85185,metrics_output_gemini_limpo_Tree_of_Thought_6.json
gemini,Tree_of_Thought,noun_ratio,0.44393,metrics_output_gemini_limpo_Tree_of_Thought_6.json
gemini,Tree_of_Thought,cw_freq_brwac,3.70783,metrics_output_gemini_limpo_Tree_of_Thought_6.json
gemini,Tree_of_Thought,brunet,12.63188,metrics_output_gemini_limpo_Tree_of_Thought_6.json
gemini,Tree_of_Thought,honore,758.47497,metrics_output_gemini_limpo_Tree_of_Thought_6.json
gemini,Tree_of_Thought,ttr,0.63891,metrics_output_gemini_limpo_Tree_of_Thought_6.json
gemini,Tree_of_Thought,gunning_fox,20.26597,metrics_output_gemini_limpo_Tree_of_Thought_6.json
gemini,Tree_of_Thought,flesch,44.756,metrics_output_gemini_limpo_Tree_of_Thought_7.json
gemini,Tree_of_Thought,sentences_per_paragraph,1.52941,metrics_output_gemini_limpo_Tree_of_Thought_7.json
gemini,Tree_of_Thought,syllables_per_content_word,2.67647,metrics_output_gemini_limpo_Tree_of_Thought_7.json
gemini,Tree_of_Thought,words_per_sentence,19.76923,metrics_output_gemini_limpo_Tree_of_Thought_7.json
gemini,Tree_of_Thought,noun_ratio,0.44163,metrics_output_gemini_limpo_Tree_of_Thought_7.json
gemini,Tree_of_Thought,cw_freq_brwac,3.76671,metrics_output_gemini_limpo_Tree_of_Thought_7.json
gemini,Tree_of_Thought,brunet,12.34635,metrics_output_gemini_limpo_Tree_of_Thought_7.json
gemini,Tree_of_Thought,honore,920.98473,metrics_output_gemini_limpo_Tree_of_Thought_7.json
gemini,Tree_of_Thought,ttr,0.71161,metrics_output_gemini_limpo_Tree_of_Thought_7.json
gemini,Tree_of_Thought,gunning_fox,22.53804,metrics_output_gemini_limpo_Tree_of_Thought_7.json
gemini,Tree_of_Thought,flesch,54.70438,metrics_output_gemini_limpo_Tree_of_Thought_8.json
gemini,Tree_of_Thought,sentences_per_paragraph,1.5,metrics_output_gemini_limpo_Tree_of_Thought_8.json
gemini,Tree_of_Thought,syllables_per_content_word,2.62275,metrics_output_gemini_limpo_Tree_of_Thought_8.json
gemini,Tree_of_Thought,words_per_sentence,12.2381,metrics_output_gemini_limpo_Tree_of_Thought_8.json
gemini,Tree_of_Thought,noun_ratio,0.4358,metrics_output_gemini_limpo_Tree_of_Thought_8.json
gemini,Tree_of_Thought,cw_freq_brwac,3.65487,metrics_output_gemini_limpo_Tree_of_Thought_8.json
gemini,Tree_of_Thought,brunet,11.39208,metrics_output_gemini_limpo_Tree_of_Thought_8.json
gemini,Tree_of_Thought,honore,810.61387,metrics_output_gemini_limpo_Tree_of_Thought_8.json
gemini,Tree_of_Thought,ttr,0.70981,metrics_output_gemini_limpo_Tree_of_Thought_8.json
gemini,Tree_of_Thought,gunning_fox,19.83687,metrics_output_gemini_limpo_Tree_of_Thought_8.json
gemini,Tree_of_Thought,flesch,41.51809,metrics_output_gemini_limpo_Tree_of_Thought_9.json
gemini,Tree_of_Thought,sentences_per_paragraph,1.20833,metrics_output_gemini_limpo_Tree_of_Thought_9.json
gemini,Tree_of_Thought,syllables_per_content_word,2.68786,metrics_output_gemini_limpo_Tree_of_Thought_9.json
gemini,Tree_of_Thought,words_per_sentence,16.58621,metrics_output_gemini_limpo_Tree_of_Thought_9.json
gemini,Tree_of_Thought,noun_ratio,0.56133,metrics_output_gemini_limpo_Tree_of_Thought_9.json
gemini,Tree_of_Thought,cw_freq_brwac,3.18193,metrics_output_gemini_limpo_Tree_of_Thought_9.json
gemini,Tree_of_Thought,brunet,12.56134,metrics_output_gemini_limpo_Tree_of_Thought_9.json
gemini,Tree_of_Thought,honore,949.39421,metrics_output_gemini_limpo_Tree_of_Thought_9.json
gemini,Tree_of_Thought,ttr,0.66034,metrics_output_gemini_limpo_Tree_of_Thought_9.json
gemini,Tree_of_Thought,gunning_fox,21.27066,metrics_output_gemini_limpo_Tree_of_Thought_9.json
gemini,Zero_Shot,flesch,51.38544,metrics_output_gemini_limpo_Zero-shot_0.json
gemini,Zero_Shot,sentences_per_paragraph,1.13333,metrics_output_gemini_limpo_Zero-shot_0.json
gemini,Zero_Shot,syllables_per_content_word,2.775,metrics_output_gemini_limpo_Zero-shot_0.json
gemini,Zero_Shot,words_per_sentence,11.20588,metrics_output_gemini_limpo_Zero-shot_0.json
gemini,Zero_Shot,noun_ratio,0.36745,metrics_output_gemini_limpo_Zero-shot_0.json
gemini,Zero_Shot,cw_freq_brwac,4.45525,metrics_output_gemini_limpo_Zero-shot_0.json
gemini,Zero_Shot,brunet,12.08235,metrics_output_gemini_limpo_Zero-shot_0.json
gemini,Zero_Shot,honore,894.10615,metrics_output_gemini_limpo_Zero-shot_0.json
gemini,Zero_Shot,ttr,0.69872,metrics_output_gemini_limpo_Zero-shot_0.json
gemini,Zero_Shot,gunning_fox,18.76057,metrics_output_gemini_limpo_Zero-shot_0.json
gemini,Zero_Shot,flesch,40.23224,metrics_output_gemini_limpo_Zero-shot_1.json
gemini,Zero_Shot,sentences_per_paragraph,1.81818,metrics_output_gemini_limpo_Zero-shot_1.json
gemini,Zero_Shot,syllables_per_content_word,3.03145,metrics_output_gemini_limpo_Zero-shot_1.json
gemini,Zero_Shot,words_per_sentence,13.15,metrics_output_gemini_limpo_Zero-shot_1.json
gemini,Zero_Shot,noun_ratio,0.34601,metrics_output_gemini_limpo_Zero-shot_1.json
gemini,Zero_Shot,cw_freq_brwac,4.24594,metrics_output_gemini_limpo_Zero-shot_1.json
gemini,Zero_Shot,brunet,11.23861,metrics_output_gemini_limpo_Zero-shot_1.json
gemini,Zero_Shot,honore,863.48421,metrics_output_gemini_limpo_Zero-shot_1.json
gemini,Zero_Shot,ttr,0.75689,metrics_output_gemini_limpo_Zero-shot_1.json
gemini,Zero_Shot,gunning_fox,21.38167,metrics_output_gemini_limpo_Zero-shot_1.json
gemini,Zero_Shot,flesch,41.8612,metrics_output_gemini_limpo_Zero-shot_2.json
gemini,Zero_Shot,sentences_per_paragraph,1.92308,metrics_output_gemini_limpo_Zero-shot_2.json
gemini,Zero_Shot,syllables_per_content_word,2.7446,metrics_output_gemini_limpo_Zero-shot_2.json
gemini,Zero_Shot,words_per_sentence,16.92,metrics_output_gemini_limpo_Zero-shot_2.json
gemini,Zero_Shot,noun_ratio,0.45626,metrics_output_gemini_limpo_Zero-shot_2.json
gemini,Zero_Shot,cw_freq_brwac,3.78669,metrics_output_gemini_limpo_Zero-shot_2.json
gemini,Zero_Shot,brunet,11.28809,metrics_output_gemini_limpo_Zero-shot_2.json
gemini,Zero_Shot,honore,1063.04253,metrics_output_gemini_limpo_Zero-shot_2.json
gemini,Zero_Shot,ttr,0.7821,metrics_output_gemini_limpo_Zero-shot_2.json
gemini,Zero_Shot,gunning_fox,23.2219,metrics_output_gemini_limpo_Zero-shot_2.json
gemini,Zero_Shot,flesch,41.79187,metrics_output_gemini_limpo_Zero-shot_3.json
gemini,Zero_Shot,sentences_per_paragraph,1.77778,metrics_output_gemini_limpo_Zero-shot_3.json
gemini,Zero_Shot,syllables_per_content_word,2.9845,metrics_output_gemini_limpo_Zero-shot_3.json
gemini,Zero_Shot,words_per_sentence,13.1875,metrics_output_gemini_limpo_Zero-shot_3.json
gemini,Zero_Shot,noun_ratio,0.40047,metrics_output_gemini_limpo_Zero-shot_3.json
gemini,Zero_Shot,cw_freq_brwac,4.061,metrics_output_gemini_limpo_Zero-shot_3.json
gemini,Zero_Shot,brunet,11.51682,metrics_output_gemini_limpo_Zero-shot_3.json
gemini,Zero_Shot,honore,1134.51002,metrics_output_gemini_limpo_Zero-shot_3.json
gemini,Zero_Shot,ttr,0.74913,metrics_output_gemini_limpo_Zero-shot_3.json
gemini,Zero_Shot,gunning_fox,22.62097,metrics_output_gemini_limpo_Zero-shot_3.json
gemini,Zero_Shot,flesch,35.25594,metrics_output_gemini_limpo_Zero-shot_4.json
gemini,Zero_Shot,sentences_per_paragraph,2.875,metrics_output_gemini_limpo_Zero-shot_4.json
gemini,Zero_Shot,syllables_per_content_word,2.98413,metrics_output_gemini_limpo_Zero-shot_4.json
gemini,Zero_Shot,words_per_sentence,12.95652,metrics_output_gemini_limpo_Zero-shot_4.json
gemini,Zero_Shot,noun_ratio,0.42282,metrics_output_gemini_limpo_Zero-shot_4.json
gemini,Zero_Shot,cw_freq_brwac,4.06515,metrics_output_gemini_limpo_Zero-shot_4.json
gemini,Zero_Shot,brunet,11.25321,metrics_output_gemini_limpo_Zero-shot_4.json
gemini,Zero_Shot,honore,903.84635,metrics_output_gemini_limpo_Zero-shot_4.json
gemini,Zero_Shot,ttr,0.74583,metrics_output_gemini_limpo_Zero-shot_4.json
gemini,Zero_Shot,gunning_fox,22.90073,metrics_output_gemini_limpo_Zero-shot_4.json
gemini,Zero_Shot,flesch,51.35337,metrics_output_gemini_limpo_Zero-shot_5.json
gemini,Zero_Shot,sentences_per_paragraph,1.9,metrics_output_gemini_limpo_Zero-shot_5.json
gemini,Zero_Shot,syllables_per_content_word,2.78667,metrics_output_gemini_limpo_Zero-shot_5.json
gemini,Zero_Shot,words_per_sentence,12.89474,metrics_output_gemini_limpo_Zero-shot_5.json
gemini,Zero_Shot,noun_ratio,0.3551,metrics_output_gemini_limpo_Zero-shot_5.json
gemini,Zero_Shot,cw_freq_brwac,4.45238,metrics_output_gemini_limpo_Zero-shot_5.json
gemini,Zero_Shot,brunet,11.40635,metrics_output_gemini_limpo_Zero-shot_5.json
gemini,Zero_Shot,honore,880.21908,metrics_output_gemini_limpo_Zero-shot_5.json
gemini,Zero_Shot,ttr,0.7074,metrics_output_gemini_limpo_Zero-shot_5.json
gemini,Zero_Shot,gunning_fox,19.68851,metrics_output_gemini_limpo_Zero-shot_5.json
gemini,Zero_Shot,flesch,41.08699,metrics_output_gemini_limpo_Zero-shot_6.json
gemini,Zero_Shot,sentences_per_paragraph,1.09756,metrics_output_gemini_limpo_Zero-shot_6.json
gemini,Zero_Shot,syllables_per_content_word,3.00533,metrics_output_gemini_limpo_Zero-shot_6.json
gemini,Zero_Shot,words_per_sentence,13.95556,metrics_output_gemini_limpo_Zero-shot_6.json
gemini,Zero_Shot,noun_ratio,0.3121,metrics_output_gemini_limpo_Zero-shot_6.json
gemini,Zero_Shot,cw_freq_brwac,4.86863,metrics_output_gemini_limpo_Zero-shot_6.json
gemini,Zero_Shot,brunet,13.64683,metrics_output_gemini_limpo_Zero-shot_6.json
gemini,Zero_Shot,honore,669.81458,metrics_output_gemini_limpo_Zero-shot_6.json
gemini,Zero_Shot,ttr,0.66079,metrics_output_gemini_limpo_Zero-shot_6.json
gemini,Zero_Shot,gunning_fox,21.44209,metrics_output_gemini_limpo_Zero-shot_6.json
gemini,Zero_Shot,flesch,45.85011,metrics_output_gemini_limpo_Zero-shot_7.json
gemini,Zero_Shot,sentences_per_paragraph,1.4375,metrics_output_gemini_limpo_Zero-shot_7.json
gemini,Zero_Shot,syllables_per_content_word,2.90909,metrics_output_gemini_limpo_Zero-shot_7.json
gemini,Zero_Shot,words_per_sentence,15.3913,metrics_output_gemini_limpo_Zero-shot_7.json
gemini,Zero_Shot,noun_ratio,0.32062,metrics_output_gemini_limpo_Zero-shot_7.json
gemini,Zero_Shot,cw_freq_brwac,4.79951,metrics_output_gemini_limpo_Zero-shot_7.json
gemini,Zero_Shot,brunet,12.80068,metrics_output_gemini_limpo_Zero-shot_7.json
gemini,Zero_Shot,honore,869.11905,metrics_output_gemini_limpo_Zero-shot_7.json
gemini,Zero_Shot,ttr,0.71727,metrics_output_gemini_limpo_Zero-shot_7.json
gemini,Zero_Shot,gunning_fox,21.52375,metrics_output_gemini_limpo_Zero-shot_7.json
gemini,Zero_Shot,flesch,53.32622,metrics_output_gemini_limpo_Zero-shot_8.json
gemini,Zero_Shot,sentences_per_paragraph,1.71429,metrics_output_gemini_limpo_Zero-shot_8.json
gemini,Zero_Shot,syllables_per_content_word,2.73958,metrics_output_gemini_limpo_Zero-shot_8.json
gemini,Zero_Shot,words_per_sentence,14.08333,metrics_output_gemini_limpo_Zero-shot_8.json
gemini,Zero_Shot,noun_ratio,0.31953,metrics_output_gemini_limpo_Zero-shot_8.json
gemini,Zero_Shot,cw_freq_brwac,4.79373,metrics_output_gemini_limpo_Zero-shot_8.json
gemini,Zero_Shot,brunet,10.36125,metrics_output_gemini_limpo_Zero-shot_8.json
gemini,Zero_Shot,honore,965.41757,metrics_output_gemini_limpo_Zero-shot_8.json
gemini,Zero_Shot,ttr,0.77114,metrics_output_gemini_limpo_Zero-shot_8.json
gemini,Zero_Shot,gunning_fox,20.0712,metrics_output_gemini_limpo_Zero-shot_8.json
gemini,Zero_Shot,flesch,31.49876,metrics_output_gemini_limpo_Zero-shot_9.json
gemini,Zero_Shot,sentences_per_paragraph,1.13636,metrics_output_gemini_limpo_Zero-shot_9.json
gemini,Zero_Shot,syllables_per_content_word,3.09906,metrics_output_gemini_limpo_Zero-shot_9.json
gemini,Zero_Shot,words_per_sentence,13.44,metrics_output_gemini_limpo_Zero-shot_9.json
gemini,Zero_Shot,noun_ratio,0.41667,metrics_output_gemini_limpo_Zero-shot_9.json
gemini,Zero_Shot,cw_freq_brwac,4.12146,metrics_output_gemini_limpo_Zero-shot_9.json
gemini,Zero_Shot,brunet,12.03682,metrics_output_gemini_limpo_Zero-shot_9.json
gemini,Zero_Shot,honore,924.53267,metrics_output_gemini_limpo_Zero-shot_9.json
gemini,Zero_Shot,ttr,0.67523,metrics_output_gemini_limpo_Zero-shot_9.json
gemini,Zero_Shot,gunning_fox,22.04267,metrics_output_gemini_limpo_Zero-shot_9.json
llama-3,"Identity,_Intent_and_Behaviour",flesch,34.15671,"metrics_output_llama-3_Identity,_Intent_and_Behaviour_0.json"
llama-3,"Identity,_Intent_and_Behaviour",sentences_per_paragraph,1.02632,"metrics_output_llama-3_Identity,_Intent_and_Behaviour_0.json"
llama-3,"Identity,_Intent_and_Behaviour",syllables_per_content_word,3.13187,"metrics_output_llama-3_Identity,_Intent_and_Behaviour_0.json"
llama-3,"Identity,_Intent_and_Behaviour",words_per_sentence,11.0,"metrics_output_llama-3_Identity,_Intent_and_Behaviour_0.json"
llama-3,"Identity,_Intent_and_Behaviour",noun_ratio,0.37063,"metrics_output_llama-3_Identity,_Intent_and_Behaviour_0.json"
llama-3,"Identity,_Intent_and_Behaviour",cw_freq_brwac,4.49008,"metrics_output_llama-3_Identity,_Intent_and_Behaviour_0.json"
llama-3,"Identity,_Intent_and_Behaviour",brunet,12.59064,"metrics_output_llama-3_Identity,_Intent_and_Behaviour_0.json"
llama-3,"Identity,_Intent_and_Behaviour",honore,777.95007,"metrics_output_llama-3_Identity,_Intent_and_Behaviour_0.json"
llama-3,"Identity,_Intent_and_Behaviour",ttr,0.66424,"metrics_output_llama-3_Identity,_Intent_and_Behaviour_0.json"
llama-3,"Identity,_Intent_and_Behaviour",gunning_fox,21.46294,"metrics_output_llama-3_Identity,_Intent_and_Behaviour_0.json"
llama-3,"Identity,_Intent_and_Behaviour",flesch,5.61951,"metrics_output_llama-3_Identity,_Intent_and_Behaviour_1.json"
llama-3,"Identity,_Intent_and_Behaviour",sentences_per_paragraph,1.5,"metrics_output_llama-3_Identity,_Intent_and_Behaviour_1.json"
llama-3,"Identity,_Intent_and_Behaviour",syllables_per_content_word,3.50781,"metrics_output_llama-3_Identity,_Intent_and_Behaviour_1.json"
llama-3,"Identity,_Intent_and_Behaviour",words_per_sentence,22.66667,"metrics_output_llama-3_Identity,_Intent_and_Behaviour_1.json"
llama-3,"Identity,_Intent_and_Behaviour",noun_ratio,0.38235,"metrics_output_llama-3_Identity,_Intent_and_Behaviour_1.json"
llama-3,"Identity,_Intent_and_Behaviour",cw_freq_brwac,4.03208,"metrics_output_llama-3_Identity,_Intent_and_Behaviour_1.json"
llama-3,"Identity,_Intent_and_Behaviour",brunet,11.17585,"metrics_output_llama-3_Identity,_Intent_and_Behaviour_1.json"
llama-3,"Identity,_Intent_and_Behaviour",honore,710.65544,"metrics_output_llama-3_Identity,_Intent_and_Behaviour_1.json"
llama-3,"Identity,_Intent_and_Behaviour",ttr,0.71248,"metrics_output_llama-3_Identity,_Intent_and_Behaviour_1.json"
llama-3,"Identity,_Intent_and_Behaviour",gunning_fox,27.30196,"metrics_output_llama-3_Identity,_Intent_and_Behaviour_1.json"
llama-3,"Identity,_Intent_and_Behaviour",flesch,13.07594,"metrics_output_llama-3_Identity,_Intent_and_Behaviour_2.json"
llama-3,"Identity,_Intent_and_Behaviour",sentences_per_paragraph,1.0,"metrics_output_llama-3_Identity,_Intent_and_Behaviour_2.json"
llama-3,"Identity,_Intent_and_Behaviour",syllables_per_content_word,3.36571,"metrics_output_llama-3_Identity,_Intent_and_Behaviour_2.json"
llama-3,"Identity,_Intent_and_Behaviour",words_per_sentence,21.84615,"metrics_output_llama-3_Identity,_Intent_and_Behaviour_2.json"
llama-3,"Identity,_Intent_and_Behaviour",noun_ratio,0.38732,"metrics_output_llama-3_Identity,_Intent_and_Behaviour_2.json"
llama-3,"Identity,_Intent_and_Behaviour",cw_freq_brwac,4.10273,"metrics_output_llama-3_Identity,_Intent_and_Behaviour_2.json"
llama-3,"Identity,_Intent_and_Behaviour",brunet,11.56048,"metrics_output_llama-3_Identity,_Intent_and_Behaviour_2.json"
llama-3,"Identity,_Intent_and_Behaviour",honore,1000.19902,"metrics_output_llama-3_Identity,_Intent_and_Behaviour_2.json"
llama-3,"Identity,_Intent_and_Behaviour",ttr,0.71249,"metrics_output_llama-3_Identity,_Intent_and_Behaviour_2.json"
llama-3,"Identity,_Intent_and_Behaviour",gunning_fox,27.6117,"metrics_output_llama-3_Identity,_Intent_and_Behaviour_2.json"
llama-3,"Identity,_Intent_and_Behaviour",flesch,3.48855,"metrics_output_llama-3_Identity,_Intent_and_Behaviour_3.json"
llama-3,"Identity,_Intent_and_Behaviour",sentences_per_paragraph,2.0,"metrics_output_llama-3_Identity,_Intent_and_Behaviour_3.json"
llama-3,"Identity,_Intent_and_Behaviour",syllables_per_content_word,3.47867,"metrics_output_llama-3_Identity,_Intent_and_Behaviour_3.json"
llama-3,"Identity,_Intent_and_Behaviour",words_per_sentence,24.07143,"metrics_output_llama-3_Identity,_Intent_and_Behaviour_3.json"
llama-3,"Identity,_Intent_and_Behaviour",noun_ratio,0.4451,"metrics_output_llama-3_Identity,_Intent_and_Behaviour_3.json"
llama-3,"Identity,_Intent_and_Behaviour",cw_freq_brwac,3.72082,"metrics_output_llama-3_Identity,_Intent_and_Behaviour_3.json"
llama-3,"Identity,_Intent_and_Behaviour",brunet,11.648,"metrics_output_llama-3_Identity,_Intent_and_Behaviour_3.json"
llama-3,"Identity,_Intent_and_Behaviour",honore,926.79763,"metrics_output_llama-3_Identity,_Intent_and_Behaviour_3.json"
llama-3,"Identity,_Intent_and_Behaviour",ttr,0.7363,"metrics_output_llama-3_Identity,_Intent_and_Behaviour_3.json"
llama-3,"Identity,_Intent_and_Behaviour",gunning_fox,28.73836,"metrics_output_llama-3_Identity,_Intent_and_Behaviour_3.json"
llama-3,"Identity,_Intent_and_Behaviour",flesch,24.05945,"metrics_output_llama-3_Identity,_Intent_and_Behaviour_4.json"
llama-3,"Identity,_Intent_and_Behaviour",sentences_per_paragraph,1.36364,"metrics_output_llama-3_Identity,_Intent_and_Behaviour_4.json"
llama-3,"Identity,_Intent_and_Behaviour",syllables_per_content_word,3.12048,"metrics_output_llama-3_Identity,_Intent_and_Behaviour_4.json"
llama-3,"Identity,_Intent_and_Behaviour",words_per_sentence,17.13333,"metrics_output_llama-3_Identity,_Intent_and_Behaviour_4.json"
llama-3,"Identity,_Intent_and_Behaviour",noun_ratio,0.43191,"metrics_output_llama-3_Identity,_Intent_and_Behaviour_4.json"
llama-3,"Identity,_Intent_and_Behaviour",cw_freq_brwac,3.69556,"metrics_output_llama-3_Identity,_Intent_and_Behaviour_4.json"
llama-3,"Identity,_Intent_and_Behaviour",brunet,10.83265,"metrics_output_llama-3_Identity,_Intent_and_Behaviour_4.json"
llama-3,"Identity,_Intent_and_Behaviour",honore,1226.87504,"metrics_output_llama-3_Identity,_Intent_and_Behaviour_4.json"
llama-3,"Identity,_Intent_and_Behaviour",ttr,0.77924,"metrics_output_llama-3_Identity,_Intent_and_Behaviour_4.json"
llama-3,"Identity,_Intent_and_Behaviour",gunning_fox,23.97396,"metrics_output_llama-3_Identity,_Intent_and_Behaviour_4.json"
llama-3,"Identity,_Intent_and_Behaviour",flesch,37.40869,"metrics_output_llama-3_Identity,_Intent_and_Behaviour_5.json"
llama-3,"Identity,_Intent_and_Behaviour",sentences_per_paragraph,1.875,"metrics_output_llama-3_Identity,_Intent_and_Behaviour_5.json"
llama-3,"Identity,_Intent_and_Behaviour",syllables_per_content_word,2.90132,"metrics_output_llama-3_Identity,_Intent_and_Behaviour_5.json"
llama-3,"Identity,_Intent_and_Behaviour",words_per_sentence,15.6,"metrics_output_llama-3_Identity,_Intent_and_Behaviour_5.json"
llama-3,"Identity,_Intent_and_Behaviour",noun_ratio,0.41026,"metrics_output_llama-3_Identity,_Intent_and_Behaviour_5.json"
llama-3,"Identity,_Intent_and_Behaviour",cw_freq_brwac,3.88441,"metrics_output_llama-3_Identity,_Intent_and_Behaviour_5.json"
llama-3,"Identity,_Intent_and_Behaviour",brunet,11.40851,"metrics_output_llama-3_Identity,_Intent_and_Behaviour_5.json"
llama-3,"Identity,_Intent_and_Behaviour",honore,750.25169,"metrics_output_llama-3_Identity,_Intent_and_Behaviour_5.json"
llama-3,"Identity,_Intent_and_Behaviour",ttr,0.72133,"metrics_output_llama-3_Identity,_Intent_and_Behaviour_5.json"
llama-3,"Identity,_Intent_and_Behaviour",gunning_fox,22.99214,"metrics_output_llama-3_Identity,_Intent_and_Behaviour_5.json"
llama-3,"Identity,_Intent_and_Behaviour",flesch,13.372,"metrics_output_llama-3_Identity,_Intent_and_Behaviour_6.json"
llama-3,"Identity,_Intent_and_Behaviour",sentences_per_paragraph,1.03846,"metrics_output_llama-3_Identity,_Intent_and_Behaviour_6.json"
llama-3,"Identity,_Intent_and_Behaviour",syllables_per_content_word,3.35806,"metrics_output_llama-3_Identity,_Intent_and_Behaviour_6.json"
llama-3,"Identity,_Intent_and_Behaviour",words_per_sentence,17.92593,"metrics_output_llama-3_Identity,_Intent_and_Behaviour_6.json"
llama-3,"Identity,_Intent_and_Behaviour",noun_ratio,0.34711,"metrics_output_llama-3_Identity,_Intent_and_Behaviour_6.json"
llama-3,"Identity,_Intent_and_Behaviour",cw_freq_brwac,4.53757,"metrics_output_llama-3_Identity,_Intent_and_Behaviour_6.json"
llama-3,"Identity,_Intent_and_Behaviour",brunet,12.71354,"metrics_output_llama-3_Identity,_Intent_and_Behaviour_6.json"
llama-3,"Identity,_Intent_and_Behaviour",honore,750.37986,"metrics_output_llama-3_Identity,_Intent_and_Behaviour_6.json"
llama-3,"Identity,_Intent_and_Behaviour",ttr,0.69273,"metrics_output_llama-3_Identity,_Intent_and_Behaviour_6.json"
llama-3,"Identity,_Intent_and_Behaviour",gunning_fox,24.11252,"metrics_output_llama-3_Identity,_Intent_and_Behaviour_6.json"
llama-3,"Identity,_Intent_and_Behaviour",flesch,41.25019,"metrics_output_llama-3_Identity,_Intent_and_Behaviour_7.json"
llama-3,"Identity,_Intent_and_Behaviour",sentences_per_paragraph,2.0,"metrics_output_llama-3_Identity,_Intent_and_Behaviour_7.json"
llama-3,"Identity,_Intent_and_Behaviour",syllables_per_content_word,2.93985,"metrics_output_llama-3_Identity,_Intent_and_Behaviour_7.json"
llama-3,"Identity,_Intent_and_Behaviour",words_per_sentence,10.53448,"metrics_output_llama-3_Identity,_Intent_and_Behaviour_7.json"
llama-3,"Identity,_Intent_and_Behaviour",noun_ratio,0.37316,"metrics_output_llama-3_Identity,_Intent_and_Behaviour_7.json"
llama-3,"Identity,_Intent_and_Behaviour",cw_freq_brwac,4.29347,"metrics_output_llama-3_Identity,_Intent_and_Behaviour_7.json"
llama-3,"Identity,_Intent_and_Behaviour",brunet,12.3403,"metrics_output_llama-3_Identity,_Intent_and_Behaviour_7.json"
llama-3,"Identity,_Intent_and_Behaviour",honore,983.50611,"metrics_output_llama-3_Identity,_Intent_and_Behaviour_7.json"
llama-3,"Identity,_Intent_and_Behaviour",ttr,0.7199,"metrics_output_llama-3_Identity,_Intent_and_Behaviour_7.json"
llama-3,"Identity,_Intent_and_Behaviour",gunning_fox,18.87828,"metrics_output_llama-3_Identity,_Intent_and_Behaviour_7.json"
llama-3,"Identity,_Intent_and_Behaviour",flesch,47.43269,"metrics_output_llama-3_Identity,_Intent_and_Behaviour_8.json"
llama-3,"Identity,_Intent_and_Behaviour",sentences_per_paragraph,1.33333,"metrics_output_llama-3_Identity,_Intent_and_Behaviour_8.json"
llama-3,"Identity,_Intent_and_Behaviour",syllables_per_content_word,2.82895,"metrics_output_llama-3_Identity,_Intent_and_Behaviour_8.json"
llama-3,"Identity,_Intent_and_Behaviour",words_per_sentence,17.125,"metrics_output_llama-3_Identity,_Intent_and_Behaviour_8.json"
llama-3,"Identity,_Intent_and_Behaviour",noun_ratio,0.27737,"metrics_output_llama-3_Identity,_Intent_and_Behaviour_8.json"
llama-3,"Identity,_Intent_and_Behaviour",cw_freq_brwac,4.58099,"metrics_output_llama-3_Identity,_Intent_and_Behaviour_8.json"
llama-3,"Identity,_Intent_and_Behaviour",brunet,10.22528,"metrics_output_llama-3_Identity,_Intent_and_Behaviour_8.json"
llama-3,"Identity,_Intent_and_Behaviour",honore,772.50667,"metrics_output_llama-3_Identity,_Intent_and_Behaviour_8.json"
llama-3,"Identity,_Intent_and_Behaviour",ttr,0.72237,"metrics_output_llama-3_Identity,_Intent_and_Behaviour_8.json"
llama-3,"Identity,_Intent_and_Behaviour",gunning_fox,19.98869,"metrics_output_llama-3_Identity,_Intent_and_Behaviour_8.json"
llama-3,"Identity,_Intent_and_Behaviour",flesch,37.34466,"metrics_output_llama-3_Identity,_Intent_and_Behaviour_9.json"
llama-3,"Identity,_Intent_and_Behaviour",sentences_per_paragraph,1.21053,"metrics_output_llama-3_Identity,_Intent_and_Behaviour_9.json"
llama-3,"Identity,_Intent_and_Behaviour",syllables_per_content_word,2.8945,"metrics_output_llama-3_Identity,_Intent_and_Behaviour_9.json"
llama-3,"Identity,_Intent_and_Behaviour",words_per_sentence,14.30435,"metrics_output_llama-3_Identity,_Intent_and_Behaviour_9.json"
llama-3,"Identity,_Intent_and_Behaviour",noun_ratio,0.41337,"metrics_output_llama-3_Identity,_Intent_and_Behaviour_9.json"
llama-3,"Identity,_Intent_and_Behaviour",cw_freq_brwac,3.9569,"metrics_output_llama-3_Identity,_Intent_and_Behaviour_9.json"
llama-3,"Identity,_Intent_and_Behaviour",brunet,12.76766,"metrics_output_llama-3_Identity,_Intent_and_Behaviour_9.json"
llama-3,"Identity,_Intent_and_Behaviour",honore,735.0212,"metrics_output_llama-3_Identity,_Intent_and_Behaviour_9.json"
llama-3,"Identity,_Intent_and_Behaviour",ttr,0.607,"metrics_output_llama-3_Identity,_Intent_and_Behaviour_9.json"
llama-3,"Identity,_Intent_and_Behaviour",gunning_fox,21.52721,"metrics_output_llama-3_Identity,_Intent_and_Behaviour_9.json"
llama-3,Tree_of_Thought,flesch,38.20849,metrics_output_llama-3_Tree_of_Thought_0.json
llama-3,Tree_of_Thought,sentences_per_paragraph,1.33333,metrics_output_llama-3_Tree_of_Thought_0.json
llama-3,Tree_of_Thought,syllables_per_content_word,2.81609,metrics_output_llama-3_Tree_of_Thought_0.json
llama-3,Tree_of_Thought,words_per_sentence,15.875,metrics_output_llama-3_Tree_of_Thought_0.json
llama-3,Tree_of_Thought,noun_ratio,0.37795,metrics_output_llama-3_Tree_of_Thought_0.json
llama-3,Tree_of_Thought,cw_freq_brwac,4.10176,metrics_output_llama-3_Tree_of_Thought_0.json
llama-3,Tree_of_Thought,brunet,10.4937,metrics_output_llama-3_Tree_of_Thought_0.json
llama-3,Tree_of_Thought,honore,801.44904,metrics_output_llama-3_Tree_of_Thought_0.json
llama-3,Tree_of_Thought,ttr,0.68143,metrics_output_llama-3_Tree_of_Thought_0.json
llama-3,Tree_of_Thought,gunning_fox,20.20827,metrics_output_llama-3_Tree_of_Thought_0.json
llama-3,Tree_of_Thought,flesch,38.49375,metrics_output_llama-3_Tree_of_Thought_1.json
llama-3,Tree_of_Thought,sentences_per_paragraph,8.0,metrics_output_llama-3_Tree_of_Thought_1.json
llama-3,Tree_of_Thought,syllables_per_content_word,3.10169,metrics_output_llama-3_Tree_of_Thought_1.json
llama-3,Tree_of_Thought,words_per_sentence,12.75,metrics_output_llama-3_Tree_of_Thought_1.json
llama-3,Tree_of_Thought,noun_ratio,0.29412,metrics_output_llama-3_Tree_of_Thought_1.json
llama-3,Tree_of_Thought,cw_freq_brwac,4.73076,metrics_output_llama-3_Tree_of_Thought_1.json
llama-3,Tree_of_Thought,brunet,9.81345,metrics_output_llama-3_Tree_of_Thought_1.json
llama-3,Tree_of_Thought,honore,850.70125,metrics_output_llama-3_Tree_of_Thought_1.json
llama-3,Tree_of_Thought,ttr,0.71667,metrics_output_llama-3_Tree_of_Thought_1.json
llama-3,Tree_of_Thought,gunning_fox,21.17843,metrics_output_llama-3_Tree_of_Thought_1.json
llama-3,Tree_of_Thought,flesch,22.38849,metrics_output_llama-3_Tree_of_Thought_2.json
llama-3,Tree_of_Thought,sentences_per_paragraph,6.0,metrics_output_llama-3_Tree_of_Thought_2.json
llama-3,Tree_of_Thought,syllables_per_content_word,3.13235,metrics_output_llama-3_Tree_of_Thought_2.json
llama-3,Tree_of_Thought,words_per_sentence,18.16667,metrics_output_llama-3_Tree_of_Thought_2.json
llama-3,Tree_of_Thought,noun_ratio,0.2844,metrics_output_llama-3_Tree_of_Thought_2.json
llama-3,Tree_of_Thought,cw_freq_brwac,4.68931,metrics_output_llama-3_Tree_of_Thought_2.json
llama-3,Tree_of_Thought,brunet,9.74355,metrics_output_llama-3_Tree_of_Thought_2.json
llama-3,Tree_of_Thought,honore,1086.62747,metrics_output_llama-3_Tree_of_Thought_2.json
llama-3,Tree_of_Thought,ttr,0.755,metrics_output_llama-3_Tree_of_Thought_2.json
llama-3,Tree_of_Thought,gunning_fox,25.61529,metrics_output_llama-3_Tree_of_Thought_2.json
llama-3,Tree_of_Thought,flesch,1.58432,metrics_output_llama-3_Tree_of_Thought_3.json
llama-3,Tree_of_Thought,sentences_per_paragraph,7.0,metrics_output_llama-3_Tree_of_Thought_3.json
llama-3,Tree_of_Thought,syllables_per_content_word,3.49351,metrics_output_llama-3_Tree_of_Thought_3.json
llama-3,Tree_of_Thought,words_per_sentence,16.85714,metrics_output_llama-3_Tree_of_Thought_3.json
llama-3,Tree_of_Thought,noun_ratio,0.39831,metrics_output_llama-3_Tree_of_Thought_3.json
llama-3,Tree_of_Thought,cw_freq_brwac,4.12178,metrics_output_llama-3_Tree_of_Thought_3.json
llama-3,Tree_of_Thought,brunet,9.98502,metrics_output_llama-3_Tree_of_Thought_3.json
llama-3,Tree_of_Thought,honore,1322.81697,metrics_output_llama-3_Tree_of_Thought_3.json
llama-3,Tree_of_Thought,ttr,0.71579,metrics_output_llama-3_Tree_of_Thought_3.json
llama-3,Tree_of_Thought,gunning_fox,28.43777,metrics_output_llama-3_Tree_of_Thought_3.json
llama-3,Tree_of_Thought,flesch,32.37889,metrics_output_llama-3_Tree_of_Thought_4.json
llama-3,Tree_of_Thought,sentences_per_paragraph,7.0,metrics_output_llama-3_Tree_of_Thought_4.json
llama-3,Tree_of_Thought,syllables_per_content_word,2.89091,metrics_output_llama-3_Tree_of_Thought_4.json
llama-3,Tree_of_Thought,words_per_sentence,11.57143,metrics_output_llama-3_Tree_of_Thought_4.json
llama-3,Tree_of_Thought,noun_ratio,0.23457,metrics_output_llama-3_Tree_of_Thought_4.json
llama-3,Tree_of_Thought,cw_freq_brwac,5.07556,metrics_output_llama-3_Tree_of_Thought_4.json
llama-3,Tree_of_Thought,brunet,9.1386,metrics_output_llama-3_Tree_of_Thought_4.json
llama-3,Tree_of_Thought,honore,1017.85868,metrics_output_llama-3_Tree_of_Thought_4.json
llama-3,Tree_of_Thought,ttr,0.79012,metrics_output_llama-3_Tree_of_Thought_4.json
llama-3,Tree_of_Thought,gunning_fox,20.92487,metrics_output_llama-3_Tree_of_Thought_4.json
llama-3,Tree_of_Thought,flesch,54.5825,metrics_output_llama-3_Tree_of_Thought_5.json
llama-3,Tree_of_Thought,sentences_per_paragraph,6.0,metrics_output_llama-3_Tree_of_Thought_5.json
llama-3,Tree_of_Thought,syllables_per_content_word,2.64286,metrics_output_llama-3_Tree_of_Thought_5.json
llama-3,Tree_of_Thought,words_per_sentence,16.0,metrics_output_llama-3_Tree_of_Thought_5.json
llama-3,Tree_of_Thought,noun_ratio,0.21875,metrics_output_llama-3_Tree_of_Thought_5.json
llama-3,Tree_of_Thought,cw_freq_brwac,5.06407,metrics_output_llama-3_Tree_of_Thought_5.json
llama-3,Tree_of_Thought,brunet,9.83955,metrics_output_llama-3_Tree_of_Thought_5.json
llama-3,Tree_of_Thought,honore,934.4993,metrics_output_llama-3_Tree_of_Thought_5.json
llama-3,Tree_of_Thought,ttr,0.6875,metrics_output_llama-3_Tree_of_Thought_5.json
llama-3,Tree_of_Thought,gunning_fox,18.9,metrics_output_llama-3_Tree_of_Thought_5.json
llama-3,Tree_of_Thought,flesch,26.32586,metrics_output_llama-3_Tree_of_Thought_6.json
llama-3,Tree_of_Thought,sentences_per_paragraph,2.0,metrics_output_llama-3_Tree_of_Thought_6.json
llama-3,Tree_of_Thought,syllables_per_content_word,3.20192,metrics_output_llama-3_Tree_of_Thought_6.json
llama-3,Tree_of_Thought,words_per_sentence,16.8,metrics_output_llama-3_Tree_of_Thought_6.json
llama-3,Tree_of_Thought,noun_ratio,0.32143,metrics_output_llama-3_Tree_of_Thought_6.json
llama-3,Tree_of_Thought,cw_freq_brwac,4.56299,metrics_output_llama-3_Tree_of_Thought_6.json
llama-3,Tree_of_Thought,brunet,10.47311,metrics_output_llama-3_Tree_of_Thought_6.json
llama-3,Tree_of_Thought,honore,1142.99977,metrics_output_llama-3_Tree_of_Thought_6.json
llama-3,Tree_of_Thought,ttr,0.71971,metrics_output_llama-3_Tree_of_Thought_6.json
llama-3,Tree_of_Thought,gunning_fox,22.91048,metrics_output_llama-3_Tree_of_Thought_6.json
llama-3,Tree_of_Thought,flesch,27.36043,metrics_output_llama-3_Tree_of_Thought_7.json
llama-3,Tree_of_Thought,sentences_per_paragraph,4.0,metrics_output_llama-3_Tree_of_Thought_7.json
llama-3,Tree_of_Thought,syllables_per_content_word,3.0,metrics_output_llama-3_Tree_of_Thought_7.json
llama-3,Tree_of_Thought,words_per_sentence,20.5,metrics_output_llama-3_Tree_of_Thought_7.json
llama-3,Tree_of_Thought,noun_ratio,0.2439,metrics_output_llama-3_Tree_of_Thought_7.json
llama-3,Tree_of_Thought,cw_freq_brwac,4.7716,metrics_output_llama-3_Tree_of_Thought_7.json
llama-3,Tree_of_Thought,brunet,10.57936,metrics_output_llama-3_Tree_of_Thought_7.json
llama-3,Tree_of_Thought,honore,911.49343,metrics_output_llama-3_Tree_of_Thought_7.json
llama-3,Tree_of_Thought,ttr,0.74277,metrics_output_llama-3_Tree_of_Thought_7.json
llama-3,Tree_of_Thought,gunning_fox,23.80976,metrics_output_llama-3_Tree_of_Thought_7.json
llama-3,Tree_of_Thought,flesch,34.625,metrics_output_llama-3_Tree_of_Thought_8.json
llama-3,Tree_of_Thought,sentences_per_paragraph,1.75,metrics_output_llama-3_Tree_of_Thought_8.json
llama-3,Tree_of_Thought,syllables_per_content_word,2.94737,metrics_output_llama-3_Tree_of_Thought_8.json
llama-3,Tree_of_Thought,words_per_sentence,12.85714,metrics_output_llama-3_Tree_of_Thought_8.json
llama-3,Tree_of_Thought,noun_ratio,0.21111,metrics_output_llama-3_Tree_of_Thought_8.json
llama-3,Tree_of_Thought,cw_freq_brwac,4.90791,metrics_output_llama-3_Tree_of_Thought_8.json
llama-3,Tree_of_Thought,brunet,9.4216,metrics_output_llama-3_Tree_of_Thought_8.json
llama-3,Tree_of_Thought,honore,781.697,metrics_output_llama-3_Tree_of_Thought_8.json
llama-3,Tree_of_Thought,ttr,0.75556,metrics_output_llama-3_Tree_of_Thought_8.json
llama-3,Tree_of_Thought,gunning_fox,22.47619,metrics_output_llama-3_Tree_of_Thought_8.json
llama-3,Tree_of_Thought,flesch,-1.6325,metrics_output_llama-3_Tree_of_Thought_9.json
llama-3,Tree_of_Thought,sentences_per_paragraph,6.0,metrics_output_llama-3_Tree_of_Thought_9.json
llama-3,Tree_of_Thought,syllables_per_content_word,3.54945,metrics_output_llama-3_Tree_of_Thought_9.json
llama-3,Tree_of_Thought,words_per_sentence,24.5,metrics_output_llama-3_Tree_of_Thought_9.json
llama-3,Tree_of_Thought,noun_ratio,0.36054,metrics_output_llama-3_Tree_of_Thought_9.json
llama-3,Tree_of_Thought,cw_freq_brwac,4.4253,metrics_output_llama-3_Tree_of_Thought_9.json
llama-3,Tree_of_Thought,brunet,10.94648,metrics_output_llama-3_Tree_of_Thought_9.json
llama-3,Tree_of_Thought,honore,847.22405,metrics_output_llama-3_Tree_of_Thought_9.json
llama-3,Tree_of_Thought,ttr,0.62667,metrics_output_llama-3_Tree_of_Thought_9.json
llama-3,Tree_of_Thought,gunning_fox,29.11973,metrics_output_llama-3_Tree_of_Thought_9.json
llama-3,Zero_Shot,flesch,46.43131,metrics_output_llama-3_Zero-shot_0.json
llama-3,Zero_Shot,sentences_per_paragraph,1.0,metrics_output_llama-3_Zero-shot_0.json
llama-3,Zero_Shot,syllables_per_content_word,2.86726,metrics_output_llama-3_Zero-shot_0.json
llama-3,Zero_Shot,words_per_sentence,9.10526,metrics_output_llama-3_Zero-shot_0.json
llama-3,Zero_Shot,noun_ratio,0.31503,metrics_output_llama-3_Zero-shot_0.json
llama-3,Zero_Shot,cw_freq_brwac,4.77982,metrics_output_llama-3_Zero-shot_0.json
llama-3,Zero_Shot,brunet,12.72822,metrics_output_llama-3_Zero-shot_0.json
llama-3,Zero_Shot,honore,678.5462,metrics_output_llama-3_Zero-shot_0.json
llama-3,Zero_Shot,ttr,0.63583,metrics_output_llama-3_Zero-shot_0.json
llama-3,Zero_Shot,gunning_fox,18.32419,metrics_output_llama-3_Zero-shot_0.json
llama-3,Zero_Shot,flesch,36.73373,metrics_output_llama-3_Zero-shot_1.json
llama-3,Zero_Shot,sentences_per_paragraph,1.0,metrics_output_llama-3_Zero-shot_1.json
llama-3,Zero_Shot,syllables_per_content_word,2.96629,metrics_output_llama-3_Zero-shot_1.json
llama-3,Zero_Shot,words_per_sentence,8.6875,metrics_output_llama-3_Zero-shot_1.json
llama-3,Zero_Shot,noun_ratio,0.28777,metrics_output_llama-3_Zero-shot_1.json
llama-3,Zero_Shot,cw_freq_brwac,4.83747,metrics_output_llama-3_Zero-shot_1.json
llama-3,Zero_Shot,brunet,10.42518,metrics_output_llama-3_Zero-shot_1.json
llama-3,Zero_Shot,honore,696.47981,metrics_output_llama-3_Zero-shot_1.json
llama-3,Zero_Shot,ttr,0.72825,metrics_output_llama-3_Zero-shot_1.json
llama-3,Zero_Shot,gunning_fox,20.16565,metrics_output_llama-3_Zero-shot_1.json
llama-3,Zero_Shot,flesch,44.37647,metrics_output_llama-3_Zero-shot_2.json
llama-3,Zero_Shot,sentences_per_paragraph,2.1,metrics_output_llama-3_Zero-shot_2.json
llama-3,Zero_Shot,syllables_per_content_word,2.91617,metrics_output_llama-3_Zero-shot_2.json
llama-3,Zero_Shot,words_per_sentence,13.38095,metrics_output_llama-3_Zero-shot_2.json
llama-3,Zero_Shot,noun_ratio,0.29893,metrics_output_llama-3_Zero-shot_2.json
llama-3,Zero_Shot,cw_freq_brwac,4.74499,metrics_output_llama-3_Zero-shot_2.json
llama-3,Zero_Shot,brunet,11.81436,metrics_output_llama-3_Zero-shot_2.json
llama-3,Zero_Shot,honore,810.79387,metrics_output_llama-3_Zero-shot_2.json
llama-3,Zero_Shot,ttr,0.71044,metrics_output_llama-3_Zero-shot_2.json
llama-3,Zero_Shot,gunning_fox,20.15665,metrics_output_llama-3_Zero-shot_2.json
llama-3,Zero_Shot,flesch,21.13147,metrics_output_llama-3_Zero-shot_3.json
llama-3,Zero_Shot,sentences_per_paragraph,1.625,metrics_output_llama-3_Zero-shot_3.json
llama-3,Zero_Shot,syllables_per_content_word,3.10833,metrics_output_llama-3_Zero-shot_3.json
llama-3,Zero_Shot,words_per_sentence,6.30769,metrics_output_llama-3_Zero-shot_3.json
llama-3,Zero_Shot,noun_ratio,0.5,metrics_output_llama-3_Zero-shot_3.json
llama-3,Zero_Shot,cw_freq_brwac,3.59676,metrics_output_llama-3_Zero-shot_3.json
llama-3,Zero_Shot,brunet,10.35806,metrics_output_llama-3_Zero-shot_3.json
llama-3,Zero_Shot,honore,1001.10942,metrics_output_llama-3_Zero-shot_3.json
llama-3,Zero_Shot,ttr,0.74862,metrics_output_llama-3_Zero-shot_3.json
llama-3,Zero_Shot,gunning_fox,20.57186,metrics_output_llama-3_Zero-shot_3.json
llama-3,Zero_Shot,flesch,60.43537,metrics_output_llama-3_Zero-shot_4.json
llama-3,Zero_Shot,sentences_per_paragraph,1.0,metrics_output_llama-3_Zero-shot_4.json
llama-3,Zero_Shot,syllables_per_content_word,2.57317,metrics_output_llama-3_Zero-shot_4.json
llama-3,Zero_Shot,words_per_sentence,9.07143,metrics_output_llama-3_Zero-shot_4.json
llama-3,Zero_Shot,noun_ratio,0.32283,metrics_output_llama-3_Zero-shot_4.json
llama-3,Zero_Shot,cw_freq_brwac,4.88588,metrics_output_llama-3_Zero-shot_4.json
llama-3,Zero_Shot,brunet,10.70547,metrics_output_llama-3_Zero-shot_4.json
llama-3,Zero_Shot,honore,666.20451,metrics_output_llama-3_Zero-shot_4.json
llama-3,Zero_Shot,ttr,0.61964,metrics_output_llama-3_Zero-shot_4.json
llama-3,Zero_Shot,gunning_fox,17.17188,metrics_output_llama-3_Zero-shot_4.json
llama-3,Zero_Shot,flesch,72.30411,metrics_output_llama-3_Zero-shot_5.json
llama-3,Zero_Shot,sentences_per_paragraph,1.0,metrics_output_llama-3_Zero-shot_5.json
llama-3,Zero_Shot,syllables_per_content_word,2.42647,metrics_output_llama-3_Zero-shot_5.json
llama-3,Zero_Shot,words_per_sentence,5.55556,metrics_output_llama-3_Zero-shot_5.json
llama-3,Zero_Shot,noun_ratio,0.27,metrics_output_llama-3_Zero-shot_5.json
llama-3,Zero_Shot,cw_freq_brwac,5.27069,metrics_output_llama-3_Zero-shot_5.json
llama-3,Zero_Shot,brunet,10.77588,metrics_output_llama-3_Zero-shot_5.json
llama-3,Zero_Shot,honore,733.33333,metrics_output_llama-3_Zero-shot_5.json
llama-3,Zero_Shot,ttr,0.55,metrics_output_llama-3_Zero-shot_5.json
llama-3,Zero_Shot,gunning_fox,15.42222,metrics_output_llama-3_Zero-shot_5.json
llama-3,Zero_Shot,flesch,40.84156,metrics_output_llama-3_Zero-shot_6.json
llama-3,Zero_Shot,sentences_per_paragraph,1.0,metrics_output_llama-3_Zero-shot_6.json
llama-3,Zero_Shot,syllables_per_content_word,2.97818,metrics_output_llama-3_Zero-shot_6.json
llama-3,Zero_Shot,words_per_sentence,9.02,metrics_output_llama-3_Zero-shot_6.json
llama-3,Zero_Shot,noun_ratio,0.23503,metrics_output_llama-3_Zero-shot_6.json
llama-3,Zero_Shot,cw_freq_brwac,4.8508,metrics_output_llama-3_Zero-shot_6.json
llama-3,Zero_Shot,brunet,12.61882,metrics_output_llama-3_Zero-shot_6.json
llama-3,Zero_Shot,honore,742.45209,metrics_output_llama-3_Zero-shot_6.json
llama-3,Zero_Shot,ttr,0.67599,metrics_output_llama-3_Zero-shot_6.json
llama-3,Zero_Shot,gunning_fox,17.79869,metrics_output_llama-3_Zero-shot_6.json
llama-3,Zero_Shot,flesch,26.9604,metrics_output_llama-3_Zero-shot_7.json
llama-3,Zero_Shot,sentences_per_paragraph,1.19048,metrics_output_llama-3_Zero-shot_7.json
llama-3,Zero_Shot,syllables_per_content_word,3.13636,metrics_output_llama-3_Zero-shot_7.json
llama-3,Zero_Shot,words_per_sentence,15.0,metrics_output_llama-3_Zero-shot_7.json
llama-3,Zero_Shot,noun_ratio,0.28,metrics_output_llama-3_Zero-shot_7.json
llama-3,Zero_Shot,cw_freq_brwac,4.74428,metrics_output_llama-3_Zero-shot_7.json
llama-3,Zero_Shot,brunet,12.3223,metrics_output_llama-3_Zero-shot_7.json
llama-3,Zero_Shot,honore,794.0232,metrics_output_llama-3_Zero-shot_7.json
llama-3,Zero_Shot,ttr,0.68645,metrics_output_llama-3_Zero-shot_7.json
llama-3,Zero_Shot,gunning_fox,21.46667,metrics_output_llama-3_Zero-shot_7.json
llama-3,Zero_Shot,flesch,63.95413,metrics_output_llama-3_Zero-shot_8.json
llama-3,Zero_Shot,sentences_per_paragraph,1.0,metrics_output_llama-3_Zero-shot_8.json
llama-3,Zero_Shot,syllables_per_content_word,2.47887,metrics_output_llama-3_Zero-shot_8.json
llama-3,Zero_Shot,words_per_sentence,9.75,metrics_output_llama-3_Zero-shot_8.json
llama-3,Zero_Shot,noun_ratio,0.25641,metrics_output_llama-3_Zero-shot_8.json
llama-3,Zero_Shot,cw_freq_brwac,5.02714,metrics_output_llama-3_Zero-shot_8.json
llama-3,Zero_Shot,brunet,10.33686,metrics_output_llama-3_Zero-shot_8.json
llama-3,Zero_Shot,honore,646.30808,metrics_output_llama-3_Zero-shot_8.json
llama-3,Zero_Shot,ttr,0.66444,metrics_output_llama-3_Zero-shot_8.json
llama-3,Zero_Shot,gunning_fox,16.54957,metrics_output_llama-3_Zero-shot_8.json
llama-3,Zero_Shot,flesch,26.64087,metrics_output_llama-3_Zero-shot_9.json
llama-3,Zero_Shot,sentences_per_paragraph,1.0,metrics_output_llama-3_Zero-shot_9.json
llama-3,Zero_Shot,syllables_per_content_word,3.17284,metrics_output_llama-3_Zero-shot_9.json
llama-3,Zero_Shot,words_per_sentence,8.72414,metrics_output_llama-3_Zero-shot_9.json
llama-3,Zero_Shot,noun_ratio,0.41107,metrics_output_llama-3_Zero-shot_9.json
llama-3,Zero_Shot,cw_freq_brwac,4.12131,metrics_output_llama-3_Zero-shot_9.json
llama-3,Zero_Shot,brunet,11.96122,metrics_output_llama-3_Zero-shot_9.json
llama-3,Zero_Shot,honore,939.40166,metrics_output_llama-3_Zero-shot_9.json
llama-3,Zero_Shot,ttr,0.63156,metrics_output_llama-3_Zero-shot_9.json
llama-3,Zero_Shot,gunning_fox,21.19717,metrics_output_llama-3_Zero-shot_9.json
ministral,"Identity,_Intent_and_Behaviour",flesch,51.02537,"metrics_output_ministral_Identity,_Intent_and_Behaviour_0.json"
ministral,"Identity,_Intent_and_Behaviour",sentences_per_paragraph,1.23913,"metrics_output_ministral_Identity,_Intent_and_Behaviour_0.json"
ministral,"Identity,_Intent_and_Behaviour",syllables_per_content_word,2.73718,"metrics_output_ministral_Identity,_Intent_and_Behaviour_0.json"
ministral,"Identity,_Intent_and_Behaviour",words_per_sentence,7.94737,"metrics_output_ministral_Identity,_Intent_and_Behaviour_0.json"
ministral,"Identity,_Intent_and_Behaviour",noun_ratio,0.44812,"metrics_output_ministral_Identity,_Intent_and_Behaviour_0.json"
ministral,"Identity,_Intent_and_Behaviour",cw_freq_brwac,3.90362,"metrics_output_ministral_Identity,_Intent_and_Behaviour_0.json"
ministral,"Identity,_Intent_and_Behaviour",brunet,12.37209,"metrics_output_ministral_Identity,_Intent_and_Behaviour_0.json"
ministral,"Identity,_Intent_and_Behaviour",honore,839.17306,"metrics_output_ministral_Identity,_Intent_and_Behaviour_0.json"
ministral,"Identity,_Intent_and_Behaviour",ttr,0.69737,"metrics_output_ministral_Identity,_Intent_and_Behaviour_0.json"
ministral,"Identity,_Intent_and_Behaviour",gunning_fox,18.45489,"metrics_output_ministral_Identity,_Intent_and_Behaviour_0.json"
ministral,"Identity,_Intent_and_Behaviour",flesch,44.92775,"metrics_output_ministral_Identity,_Intent_and_Behaviour_1.json"
ministral,"Identity,_Intent_and_Behaviour",sentences_per_paragraph,1.63158,"metrics_output_ministral_Identity,_Intent_and_Behaviour_1.json"
ministral,"Identity,_Intent_and_Behaviour",syllables_per_content_word,2.73016,"metrics_output_ministral_Identity,_Intent_and_Behaviour_1.json"
ministral,"Identity,_Intent_and_Behaviour",words_per_sentence,11.48387,"metrics_output_ministral_Identity,_Intent_and_Behaviour_1.json"
ministral,"Identity,_Intent_and_Behaviour",noun_ratio,0.51685,"metrics_output_ministral_Identity,_Intent_and_Behaviour_1.json"
ministral,"Identity,_Intent_and_Behaviour",cw_freq_brwac,3.15834,"metrics_output_ministral_Identity,_Intent_and_Behaviour_1.json"
ministral,"Identity,_Intent_and_Behaviour",brunet,11.76808,"metrics_output_ministral_Identity,_Intent_and_Behaviour_1.json"
ministral,"Identity,_Intent_and_Behaviour",honore,911.90713,"metrics_output_ministral_Identity,_Intent_and_Behaviour_1.json"
ministral,"Identity,_Intent_and_Behaviour",ttr,0.73023,"metrics_output_ministral_Identity,_Intent_and_Behaviour_1.json"
ministral,"Identity,_Intent_and_Behaviour",gunning_fox,19.31265,"metrics_output_ministral_Identity,_Intent_and_Behaviour_1.json"
ministral,"Identity,_Intent_and_Behaviour",flesch,39.55511,"metrics_output_ministral_Identity,_Intent_and_Behaviour_2.json"
ministral,"Identity,_Intent_and_Behaviour",sentences_per_paragraph,1.09091,"metrics_output_ministral_Identity,_Intent_and_Behaviour_2.json"
ministral,"Identity,_Intent_and_Behaviour",syllables_per_content_word,2.53713,"metrics_output_ministral_Identity,_Intent_and_Behaviour_2.json"
ministral,"Identity,_Intent_and_Behaviour",words_per_sentence,20.66667,"metrics_output_ministral_Identity,_Intent_and_Behaviour_2.json"
ministral,"Identity,_Intent_and_Behaviour",noun_ratio,0.66801,"metrics_output_ministral_Identity,_Intent_and_Behaviour_2.json"
ministral,"Identity,_Intent_and_Behaviour",cw_freq_brwac,2.6847,"metrics_output_ministral_Identity,_Intent_and_Behaviour_2.json"
ministral,"Identity,_Intent_and_Behaviour",brunet,13.29131,"metrics_output_ministral_Identity,_Intent_and_Behaviour_2.json"
ministral,"Identity,_Intent_and_Behaviour",honore,724.02907,"metrics_output_ministral_Identity,_Intent_and_Behaviour_2.json"
ministral,"Identity,_Intent_and_Behaviour",ttr,0.65628,"metrics_output_ministral_Identity,_Intent_and_Behaviour_2.json"
ministral,"Identity,_Intent_and_Behaviour",gunning_fox,24.23441,"metrics_output_ministral_Identity,_Intent_and_Behaviour_2.json"
ministral,"Identity,_Intent_and_Behaviour",flesch,60.20335,"metrics_output_ministral_Identity,_Intent_and_Behaviour_3.json"
ministral,"Identity,_Intent_and_Behaviour",sentences_per_paragraph,2.70833,"metrics_output_ministral_Identity,_Intent_and_Behaviour_3.json"
ministral,"Identity,_Intent_and_Behaviour",syllables_per_content_word,2.58761,"metrics_output_ministral_Identity,_Intent_and_Behaviour_3.json"
ministral,"Identity,_Intent_and_Behaviour",words_per_sentence,10.93846,"metrics_output_ministral_Identity,_Intent_and_Behaviour_3.json"
ministral,"Identity,_Intent_and_Behaviour",noun_ratio,0.4993,"metrics_output_ministral_Identity,_Intent_and_Behaviour_3.json"
ministral,"Identity,_Intent_and_Behaviour",cw_freq_brwac,3.17235,"metrics_output_ministral_Identity,_Intent_and_Behaviour_3.json"
ministral,"Identity,_Intent_and_Behaviour",brunet,12.70123,"metrics_output_ministral_Identity,_Intent_and_Behaviour_3.json"
ministral,"Identity,_Intent_and_Behaviour",honore,855.56088,"metrics_output_ministral_Identity,_Intent_and_Behaviour_3.json"
ministral,"Identity,_Intent_and_Behaviour",ttr,0.71242,"metrics_output_ministral_Identity,_Intent_and_Behaviour_3.json"
ministral,"Identity,_Intent_and_Behaviour",gunning_fox,18.27131,"metrics_output_ministral_Identity,_Intent_and_Behaviour_3.json"
ministral,"Identity,_Intent_and_Behaviour",flesch,53.46839,"metrics_output_ministral_Identity,_Intent_and_Behaviour_4.json"
ministral,"Identity,_Intent_and_Behaviour",sentences_per_paragraph,1.35294,"metrics_output_ministral_Identity,_Intent_and_Behaviour_4.json"
ministral,"Identity,_Intent_and_Behaviour",syllables_per_content_word,2.57384,"metrics_output_ministral_Identity,_Intent_and_Behaviour_4.json"
ministral,"Identity,_Intent_and_Behaviour",words_per_sentence,15.47826,"metrics_output_ministral_Identity,_Intent_and_Behaviour_4.json"
ministral,"Identity,_Intent_and_Behaviour",noun_ratio,0.4691,"metrics_output_ministral_Identity,_Intent_and_Behaviour_4.json"
ministral,"Identity,_Intent_and_Behaviour",cw_freq_brwac,3.49367,"metrics_output_ministral_Identity,_Intent_and_Behaviour_4.json"
ministral,"Identity,_Intent_and_Behaviour",brunet,11.55271,"metrics_output_ministral_Identity,_Intent_and_Behaviour_4.json"
ministral,"Identity,_Intent_and_Behaviour",honore,831.27887,"metrics_output_ministral_Identity,_Intent_and_Behaviour_4.json"
ministral,"Identity,_Intent_and_Behaviour",ttr,0.73669,"metrics_output_ministral_Identity,_Intent_and_Behaviour_4.json"
ministral,"Identity,_Intent_and_Behaviour",gunning_fox,20.01153,"metrics_output_ministral_Identity,_Intent_and_Behaviour_4.json"
ministral,"Identity,_Intent_and_Behaviour",flesch,50.10731,"metrics_output_ministral_Identity,_Intent_and_Behaviour_5.json"
ministral,"Identity,_Intent_and_Behaviour",sentences_per_paragraph,2.64706,"metrics_output_ministral_Identity,_Intent_and_Behaviour_5.json"
ministral,"Identity,_Intent_and_Behaviour",syllables_per_content_word,2.69818,"metrics_output_ministral_Identity,_Intent_and_Behaviour_5.json"
ministral,"Identity,_Intent_and_Behaviour",words_per_sentence,8.57778,"metrics_output_ministral_Identity,_Intent_and_Behaviour_5.json"
ministral,"Identity,_Intent_and_Behaviour",noun_ratio,0.52332,"metrics_output_ministral_Identity,_Intent_and_Behaviour_5.json"
ministral,"Identity,_Intent_and_Behaviour",cw_freq_brwac,3.34379,"metrics_output_ministral_Identity,_Intent_and_Behaviour_5.json"
ministral,"Identity,_Intent_and_Behaviour",brunet,11.94864,"metrics_output_ministral_Identity,_Intent_and_Behaviour_5.json"
ministral,"Identity,_Intent_and_Behaviour",honore,885.57735,"metrics_output_ministral_Identity,_Intent_and_Behaviour_5.json"
ministral,"Identity,_Intent_and_Behaviour",ttr,0.69979,"metrics_output_ministral_Identity,_Intent_and_Behaviour_5.json"
ministral,"Identity,_Intent_and_Behaviour",gunning_fox,18.7679,"metrics_output_ministral_Identity,_Intent_and_Behaviour_5.json"
ministral,"Identity,_Intent_and_Behaviour",flesch,38.61404,"metrics_output_ministral_Identity,_Intent_and_Behaviour_6.json"
ministral,"Identity,_Intent_and_Behaviour",sentences_per_paragraph,1.27083,"metrics_output_ministral_Identity,_Intent_and_Behaviour_6.json"
ministral,"Identity,_Intent_and_Behaviour",syllables_per_content_word,2.78901,"metrics_output_ministral_Identity,_Intent_and_Behaviour_6.json"
ministral,"Identity,_Intent_and_Behaviour",words_per_sentence,13.01639,"metrics_output_ministral_Identity,_Intent_and_Behaviour_6.json"
ministral,"Identity,_Intent_and_Behaviour",noun_ratio,0.46096,"metrics_output_ministral_Identity,_Intent_and_Behaviour_6.json"
ministral,"Identity,_Intent_and_Behaviour",cw_freq_brwac,3.66853,"metrics_output_ministral_Identity,_Intent_and_Behaviour_6.json"
ministral,"Identity,_Intent_and_Behaviour",brunet,13.88102,"metrics_output_ministral_Identity,_Intent_and_Behaviour_6.json"
ministral,"Identity,_Intent_and_Behaviour",honore,689.62118,"metrics_output_ministral_Identity,_Intent_and_Behaviour_6.json"
ministral,"Identity,_Intent_and_Behaviour",ttr,0.67911,"metrics_output_ministral_Identity,_Intent_and_Behaviour_6.json"
ministral,"Identity,_Intent_and_Behaviour",gunning_fox,18.95971,"metrics_output_ministral_Identity,_Intent_and_Behaviour_6.json"
ministral,"Identity,_Intent_and_Behaviour",flesch,52.56651,"metrics_output_ministral_Identity,_Intent_and_Behaviour_7.json"
ministral,"Identity,_Intent_and_Behaviour",sentences_per_paragraph,2.15094,"metrics_output_ministral_Identity,_Intent_and_Behaviour_7.json"
ministral,"Identity,_Intent_and_Behaviour",syllables_per_content_word,2.71978,"metrics_output_ministral_Identity,_Intent_and_Behaviour_7.json"
ministral,"Identity,_Intent_and_Behaviour",words_per_sentence,12.40351,"metrics_output_ministral_Identity,_Intent_and_Behaviour_7.json"
ministral,"Identity,_Intent_and_Behaviour",noun_ratio,0.40665,"metrics_output_ministral_Identity,_Intent_and_Behaviour_7.json"
ministral,"Identity,_Intent_and_Behaviour",cw_freq_brwac,3.7699,"metrics_output_ministral_Identity,_Intent_and_Behaviour_7.json"
ministral,"Identity,_Intent_and_Behaviour",brunet,14.34199,"metrics_output_ministral_Identity,_Intent_and_Behaviour_7.json"
ministral,"Identity,_Intent_and_Behaviour",honore,712.13284,"metrics_output_ministral_Identity,_Intent_and_Behaviour_7.json"
ministral,"Identity,_Intent_and_Behaviour",ttr,0.68241,"metrics_output_ministral_Identity,_Intent_and_Behaviour_7.json"
ministral,"Identity,_Intent_and_Behaviour",gunning_fox,18.17215,"metrics_output_ministral_Identity,_Intent_and_Behaviour_7.json"
ministral,"Identity,_Intent_and_Behaviour",flesch,72.12101,"metrics_output_ministral_Identity,_Intent_and_Behaviour_8.json"
ministral,"Identity,_Intent_and_Behaviour",sentences_per_paragraph,1.75,"metrics_output_ministral_Identity,_Intent_and_Behaviour_8.json"
ministral,"Identity,_Intent_and_Behaviour",syllables_per_content_word,2.34109,"metrics_output_ministral_Identity,_Intent_and_Behaviour_8.json"
ministral,"Identity,_Intent_and_Behaviour",words_per_sentence,8.7619,"metrics_output_ministral_Identity,_Intent_and_Behaviour_8.json"
ministral,"Identity,_Intent_and_Behaviour",noun_ratio,0.44565,"metrics_output_ministral_Identity,_Intent_and_Behaviour_8.json"
ministral,"Identity,_Intent_and_Behaviour",cw_freq_brwac,3.50126,"metrics_output_ministral_Identity,_Intent_and_Behaviour_8.json"
ministral,"Identity,_Intent_and_Behaviour",brunet,10.88124,"metrics_output_ministral_Identity,_Intent_and_Behaviour_8.json"
ministral,"Identity,_Intent_and_Behaviour",honore,993.03551,"metrics_output_ministral_Identity,_Intent_and_Behaviour_8.json"
ministral,"Identity,_Intent_and_Behaviour",ttr,0.70529,"metrics_output_ministral_Identity,_Intent_and_Behaviour_8.json"
ministral,"Identity,_Intent_and_Behaviour",gunning_fox,15.0265,"metrics_output_ministral_Identity,_Intent_and_Behaviour_8.json"
ministral,"Identity,_Intent_and_Behaviour",flesch,47.14013,"metrics_output_ministral_Identity,_Intent_and_Behaviour_9.json"
ministral,"Identity,_Intent_and_Behaviour",sentences_per_paragraph,1.77273,"metrics_output_ministral_Identity,_Intent_and_Behaviour_9.json"
ministral,"Identity,_Intent_and_Behaviour",syllables_per_content_word,2.87078,"metrics_output_ministral_Identity,_Intent_and_Behaviour_9.json"
ministral,"Identity,_Intent_and_Behaviour",words_per_sentence,9.91026,"metrics_output_ministral_Identity,_Intent_and_Behaviour_9.json"
ministral,"Identity,_Intent_and_Behaviour",noun_ratio,0.50065,"metrics_output_ministral_Identity,_Intent_and_Behaviour_9.json"
ministral,"Identity,_Intent_and_Behaviour",cw_freq_brwac,3.46391,"metrics_output_ministral_Identity,_Intent_and_Behaviour_9.json"
ministral,"Identity,_Intent_and_Behaviour",brunet,12.46111,"metrics_output_ministral_Identity,_Intent_and_Behaviour_9.json"
ministral,"Identity,_Intent_and_Behaviour",honore,1071.03323,"metrics_output_ministral_Identity,_Intent_and_Behaviour_9.json"
ministral,"Identity,_Intent_and_Behaviour",ttr,0.70033,"metrics_output_ministral_Identity,_Intent_and_Behaviour_9.json"
ministral,"Identity,_Intent_and_Behaviour",gunning_fox,19.12581,"metrics_output_ministral_Identity,_Intent_and_Behaviour_9.json"
ministral,Tree_of_Thought,flesch,54.69058,metrics_output_ministral_Tree_of_Thought_0.json
ministral,Tree_of_Thought,sentences_per_paragraph,1.25806,metrics_output_ministral_Tree_of_Thought_0.json
ministral,Tree_of_Thought,syllables_per_content_word,2.73446,metrics_output_ministral_Tree_of_Thought_0.json
ministral,Tree_of_Thought,words_per_sentence,6.69231,metrics_output_ministral_Tree_of_Thought_0.json
ministral,Tree_of_Thought,noun_ratio,0.41379,metrics_output_ministral_Tree_of_Thought_0.json
ministral,Tree_of_Thought,cw_freq_brwac,4.12723,metrics_output_ministral_Tree_of_Thought_0.json
ministral,Tree_of_Thought,brunet,11.83401,metrics_output_ministral_Tree_of_Thought_0.json
ministral,Tree_of_Thought,honore,719.73859,metrics_output_ministral_Tree_of_Thought_0.json
ministral,Tree_of_Thought,ttr,0.67235,metrics_output_ministral_Tree_of_Thought_0.json
ministral,Tree_of_Thought,gunning_fox,17.23631,metrics_output_ministral_Tree_of_Thought_0.json
ministral,Tree_of_Thought,flesch,26.9176,metrics_output_ministral_Tree_of_Thought_1.json
ministral,Tree_of_Thought,sentences_per_paragraph,3.0,metrics_output_ministral_Tree_of_Thought_1.json
ministral,Tree_of_Thought,syllables_per_content_word,3.14474,metrics_output_ministral_Tree_of_Thought_1.json
ministral,Tree_of_Thought,words_per_sentence,21.33333,metrics_output_ministral_Tree_of_Thought_1.json
ministral,Tree_of_Thought,noun_ratio,0.30469,metrics_output_ministral_Tree_of_Thought_1.json
ministral,Tree_of_Thought,cw_freq_brwac,4.62354,metrics_output_ministral_Tree_of_Thought_1.json
ministral,Tree_of_Thought,brunet,10.53372,metrics_output_ministral_Tree_of_Thought_1.json
ministral,Tree_of_Thought,honore,732.9426,metrics_output_ministral_Tree_of_Thought_1.json
ministral,Tree_of_Thought,ttr,0.67483,metrics_output_ministral_Tree_of_Thought_1.json
ministral,Tree_of_Thought,gunning_fox,25.40833,metrics_output_ministral_Tree_of_Thought_1.json
ministral,Tree_of_Thought,flesch,50.88734,metrics_output_ministral_Tree_of_Thought_2.json
ministral,Tree_of_Thought,sentences_per_paragraph,1.66667,metrics_output_ministral_Tree_of_Thought_2.json
ministral,Tree_of_Thought,syllables_per_content_word,2.76163,metrics_output_ministral_Tree_of_Thought_2.json
ministral,Tree_of_Thought,words_per_sentence,13.45,metrics_output_ministral_Tree_of_Thought_2.json
ministral,Tree_of_Thought,noun_ratio,0.4052,metrics_output_ministral_Tree_of_Thought_2.json
ministral,Tree_of_Thought,cw_freq_brwac,3.75629,metrics_output_ministral_Tree_of_Thought_2.json
ministral,Tree_of_Thought,brunet,13.51921,metrics_output_ministral_Tree_of_Thought_2.json
ministral,Tree_of_Thought,honore,676.3905,metrics_output_ministral_Tree_of_Thought_2.json
ministral,Tree_of_Thought,ttr,0.56841,metrics_output_ministral_Tree_of_Thought_2.json
ministral,Tree_of_Thought,gunning_fox,19.65509,metrics_output_ministral_Tree_of_Thought_2.json
ministral,Tree_of_Thought,flesch,48.35053,metrics_output_ministral_Tree_of_Thought_3.json
ministral,Tree_of_Thought,sentences_per_paragraph,3.4,metrics_output_ministral_Tree_of_Thought_3.json
ministral,Tree_of_Thought,syllables_per_content_word,2.74359,metrics_output_ministral_Tree_of_Thought_3.json
ministral,Tree_of_Thought,words_per_sentence,13.94118,metrics_output_ministral_Tree_of_Thought_3.json
ministral,Tree_of_Thought,noun_ratio,0.44304,metrics_output_ministral_Tree_of_Thought_3.json
ministral,Tree_of_Thought,cw_freq_brwac,3.71943,metrics_output_ministral_Tree_of_Thought_3.json
ministral,Tree_of_Thought,brunet,10.71531,metrics_output_ministral_Tree_of_Thought_3.json
ministral,Tree_of_Thought,honore,1014.08173,metrics_output_ministral_Tree_of_Thought_3.json
ministral,Tree_of_Thought,ttr,0.74848,metrics_output_ministral_Tree_of_Thought_3.json
ministral,Tree_of_Thought,gunning_fox,20.26001,metrics_output_ministral_Tree_of_Thought_3.json
ministral,Tree_of_Thought,flesch,61.453,metrics_output_ministral_Tree_of_Thought_4.json
ministral,Tree_of_Thought,sentences_per_paragraph,1.0,metrics_output_ministral_Tree_of_Thought_4.json
ministral,Tree_of_Thought,syllables_per_content_word,2.5,metrics_output_ministral_Tree_of_Thought_4.json
ministral,Tree_of_Thought,words_per_sentence,18.8,metrics_output_ministral_Tree_of_Thought_4.json
ministral,Tree_of_Thought,noun_ratio,0.2766,metrics_output_ministral_Tree_of_Thought_4.json
ministral,Tree_of_Thought,cw_freq_brwac,5.01573,metrics_output_ministral_Tree_of_Thought_4.json
ministral,Tree_of_Thought,brunet,9.84977,metrics_output_ministral_Tree_of_Thought_4.json
ministral,Tree_of_Thought,honore,789.25114,metrics_output_ministral_Tree_of_Thought_4.json
ministral,Tree_of_Thought,ttr,0.68085,metrics_output_ministral_Tree_of_Thought_4.json
ministral,Tree_of_Thought,gunning_fox,18.58383,metrics_output_ministral_Tree_of_Thought_4.json
ministral,Tree_of_Thought,flesch,48.98193,metrics_output_ministral_Tree_of_Thought_5.json
ministral,Tree_of_Thought,sentences_per_paragraph,25.0,metrics_output_ministral_Tree_of_Thought_5.json
ministral,Tree_of_Thought,syllables_per_content_word,2.76233,metrics_output_ministral_Tree_of_Thought_5.json
ministral,Tree_of_Thought,words_per_sentence,13.96,metrics_output_ministral_Tree_of_Thought_5.json
ministral,Tree_of_Thought,noun_ratio,0.28367,metrics_output_ministral_Tree_of_Thought_5.json
ministral,Tree_of_Thought,cw_freq_brwac,4.95029,metrics_output_ministral_Tree_of_Thought_5.json
ministral,Tree_of_Thought,brunet,12.95392,metrics_output_ministral_Tree_of_Thought_5.json
ministral,Tree_of_Thought,honore,577.91487,metrics_output_ministral_Tree_of_Thought_5.json
ministral,Tree_of_Thought,ttr,0.61088,metrics_output_ministral_Tree_of_Thought_5.json
ministral,Tree_of_Thought,gunning_fox,19.68142,metrics_output_ministral_Tree_of_Thought_5.json
ministral,Tree_of_Thought,flesch,49.03309,metrics_output_ministral_Tree_of_Thought_6.json
ministral,Tree_of_Thought,sentences_per_paragraph,1.56522,metrics_output_ministral_Tree_of_Thought_6.json
ministral,Tree_of_Thought,syllables_per_content_word,2.7833,metrics_output_ministral_Tree_of_Thought_6.json
ministral,Tree_of_Thought,words_per_sentence,12.16667,metrics_output_ministral_Tree_of_Thought_6.json
ministral,Tree_of_Thought,noun_ratio,0.379,metrics_output_ministral_Tree_of_Thought_6.json
ministral,Tree_of_Thought,cw_freq_brwac,4.03191,metrics_output_ministral_Tree_of_Thought_6.json
ministral,Tree_of_Thought,brunet,13.24216,metrics_output_ministral_Tree_of_Thought_6.json
ministral,Tree_of_Thought,honore,757.58501,metrics_output_ministral_Tree_of_Thought_6.json
ministral,Tree_of_Thought,ttr,0.70924,metrics_output_ministral_Tree_of_Thought_6.json
ministral,Tree_of_Thought,gunning_fox,18.24566,metrics_output_ministral_Tree_of_Thought_6.json
ministral,Tree_of_Thought,flesch,60.4286,metrics_output_ministral_Tree_of_Thought_7.json
ministral,Tree_of_Thought,sentences_per_paragraph,1.5,metrics_output_ministral_Tree_of_Thought_7.json
ministral,Tree_of_Thought,syllables_per_content_word,2.51656,metrics_output_ministral_Tree_of_Thought_7.json
ministral,Tree_of_Thought,words_per_sentence,11.94444,metrics_output_ministral_Tree_of_Thought_7.json
ministral,Tree_of_Thought,noun_ratio,0.44186,metrics_output_ministral_Tree_of_Thought_7.json
ministral,Tree_of_Thought,cw_freq_brwac,3.4937,metrics_output_ministral_Tree_of_Thought_7.json
ministral,Tree_of_Thought,brunet,12.82546,metrics_output_ministral_Tree_of_Thought_7.json
ministral,Tree_of_Thought,honore,365.95155,metrics_output_ministral_Tree_of_Thought_7.json
ministral,Tree_of_Thought,ttr,0.63121,metrics_output_ministral_Tree_of_Thought_7.json
ministral,Tree_of_Thought,gunning_fox,18.73127,metrics_output_ministral_Tree_of_Thought_7.json
ministral,Tree_of_Thought,flesch,41.57938,metrics_output_ministral_Tree_of_Thought_8.json
ministral,Tree_of_Thought,sentences_per_paragraph,1.35,metrics_output_ministral_Tree_of_Thought_8.json
ministral,Tree_of_Thought,syllables_per_content_word,2.97701,metrics_output_ministral_Tree_of_Thought_8.json
ministral,Tree_of_Thought,words_per_sentence,9.81481,metrics_output_ministral_Tree_of_Thought_8.json
ministral,Tree_of_Thought,noun_ratio,0.49811,metrics_output_ministral_Tree_of_Thought_8.json
ministral,Tree_of_Thought,cw_freq_brwac,3.60506,metrics_output_ministral_Tree_of_Thought_8.json
ministral,Tree_of_Thought,brunet,11.67491,metrics_output_ministral_Tree_of_Thought_8.json
ministral,Tree_of_Thought,honore,1026.3159,metrics_output_ministral_Tree_of_Thought_8.json
ministral,Tree_of_Thought,ttr,0.67048,metrics_output_ministral_Tree_of_Thought_8.json
ministral,Tree_of_Thought,gunning_fox,19.92593,metrics_output_ministral_Tree_of_Thought_8.json
ministral,Zero_Shot,flesch,59.85395,metrics_output_ministral_Zero-shot_0.json
ministral,Zero_Shot,sentences_per_paragraph,1.04762,metrics_output_ministral_Zero-shot_0.json
ministral,Zero_Shot,syllables_per_content_word,2.51382,metrics_output_ministral_Zero-shot_0.json
ministral,Zero_Shot,words_per_sentence,9.25758,metrics_output_ministral_Zero-shot_0.json
ministral,Zero_Shot,noun_ratio,0.43863,metrics_output_ministral_Zero-shot_0.json
ministral,Zero_Shot,cw_freq_brwac,3.97903,metrics_output_ministral_Zero-shot_0.json
ministral,Zero_Shot,brunet,12.97346,metrics_output_ministral_Zero-shot_0.json
ministral,Zero_Shot,honore,992.28865,metrics_output_ministral_Zero-shot_0.json
ministral,Zero_Shot,ttr,0.64918,metrics_output_ministral_Zero-shot_0.json
ministral,Zero_Shot,gunning_fox,17.18912,metrics_output_ministral_Zero-shot_0.json
ministral,Zero_Shot,flesch,56.83343,metrics_output_ministral_Zero-shot_1.json
ministral,Zero_Shot,sentences_per_paragraph,1.2,metrics_output_ministral_Zero-shot_1.json
ministral,Zero_Shot,syllables_per_content_word,2.5415,metrics_output_ministral_Zero-shot_1.json
ministral,Zero_Shot,words_per_sentence,12.3,metrics_output_ministral_Zero-shot_1.json
ministral,Zero_Shot,noun_ratio,0.46883,metrics_output_ministral_Zero-shot_1.json
ministral,Zero_Shot,cw_freq_brwac,3.40118,metrics_output_ministral_Zero-shot_1.json
ministral,Zero_Shot,brunet,13.23603,metrics_output_ministral_Zero-shot_1.json
ministral,Zero_Shot,honore,704.76542,metrics_output_ministral_Zero-shot_1.json
ministral,Zero_Shot,ttr,0.59178,metrics_output_ministral_Zero-shot_1.json
ministral,Zero_Shot,gunning_fox,17.60293,metrics_output_ministral_Zero-shot_1.json
ministral,Zero_Shot,flesch,84.41139,metrics_output_ministral_Zero-shot_2.json
ministral,Zero_Shot,sentences_per_paragraph,1.98381,metrics_output_ministral_Zero-shot_2.json
ministral,Zero_Shot,syllables_per_content_word,2.27404,metrics_output_ministral_Zero-shot_2.json
ministral,Zero_Shot,words_per_sentence,6.90204,metrics_output_ministral_Zero-shot_2.json
ministral,Zero_Shot,noun_ratio,0.39917,metrics_output_ministral_Zero-shot_2.json
ministral,Zero_Shot,cw_freq_brwac,3.80709,metrics_output_ministral_Zero-shot_2.json
ministral,Zero_Shot,brunet,22.57022,metrics_output_ministral_Zero-shot_2.json
ministral,Zero_Shot,honore,839.43915,metrics_output_ministral_Zero-shot_2.json
ministral,Zero_Shot,ttr,0.55357,metrics_output_ministral_Zero-shot_2.json
ministral,Zero_Shot,gunning_fox,12.31729,metrics_output_ministral_Zero-shot_2.json
ministral,Zero_Shot,flesch,57.29671,metrics_output_ministral_Zero-shot_3.json
ministral,Zero_Shot,sentences_per_paragraph,1.33333,metrics_output_ministral_Zero-shot_3.json
ministral,Zero_Shot,syllables_per_content_word,2.56102,metrics_output_ministral_Zero-shot_3.json
ministral,Zero_Shot,words_per_sentence,12.60938,metrics_output_ministral_Zero-shot_3.json
ministral,Zero_Shot,noun_ratio,0.47955,metrics_output_ministral_Zero-shot_3.json
ministral,Zero_Shot,cw_freq_brwac,3.30005,metrics_output_ministral_Zero-shot_3.json
ministral,Zero_Shot,brunet,12.94578,metrics_output_ministral_Zero-shot_3.json
ministral,Zero_Shot,honore,901.39748,metrics_output_ministral_Zero-shot_3.json
ministral,Zero_Shot,ttr,0.67161,metrics_output_ministral_Zero-shot_3.json
ministral,Zero_Shot,gunning_fox,18.72405,metrics_output_ministral_Zero-shot_3.json
ministral,Zero_Shot,flesch,50.0649,metrics_output_ministral_Zero-shot_4.json
ministral,Zero_Shot,sentences_per_paragraph,1.875,metrics_output_ministral_Zero-shot_4.json
ministral,Zero_Shot,syllables_per_content_word,2.69325,metrics_output_ministral_Zero-shot_4.json
ministral,Zero_Shot,words_per_sentence,17.13333,metrics_output_ministral_Zero-shot_4.json
ministral,Zero_Shot,noun_ratio,0.42412,metrics_output_ministral_Zero-shot_4.json
ministral,Zero_Shot,cw_freq_brwac,3.86288,metrics_output_ministral_Zero-shot_4.json
ministral,Zero_Shot,brunet,11.33092,metrics_output_ministral_Zero-shot_4.json
ministral,Zero_Shot,honore,821.56811,metrics_output_ministral_Zero-shot_4.json
ministral,Zero_Shot,ttr,0.71386,metrics_output_ministral_Zero-shot_4.json
ministral,Zero_Shot,gunning_fox,21.1724,metrics_output_ministral_Zero-shot_4.json
ministral,Zero_Shot,flesch,70.11605,metrics_output_ministral_Zero-shot_5.json
ministral,Zero_Shot,sentences_per_paragraph,1.41379,metrics_output_ministral_Zero-shot_5.json
ministral,Zero_Shot,syllables_per_content_word,2.33016,metrics_output_ministral_Zero-shot_5.json
ministral,Zero_Shot,words_per_sentence,10.70732,metrics_output_ministral_Zero-shot_5.json
ministral,Zero_Shot,noun_ratio,0.49886,metrics_output_ministral_Zero-shot_5.json
ministral,Zero_Shot,cw_freq_brwac,3.60042,metrics_output_ministral_Zero-shot_5.json
ministral,Zero_Shot,brunet,12.63261,metrics_output_ministral_Zero-shot_5.json
ministral,Zero_Shot,honore,885.22561,metrics_output_ministral_Zero-shot_5.json
ministral,Zero_Shot,ttr,0.63524,metrics_output_ministral_Zero-shot_5.json
ministral,Zero_Shot,gunning_fox,16.67473,metrics_output_ministral_Zero-shot_5.json
ministral,Zero_Shot,flesch,52.66262,metrics_output_ministral_Zero-shot_6.json
ministral,Zero_Shot,sentences_per_paragraph,1.01613,metrics_output_ministral_Zero-shot_6.json
ministral,Zero_Shot,syllables_per_content_word,2.58202,metrics_output_ministral_Zero-shot_6.json
ministral,Zero_Shot,words_per_sentence,14.66667,metrics_output_ministral_Zero-shot_6.json
ministral,Zero_Shot,noun_ratio,0.42965,metrics_output_ministral_Zero-shot_6.json
ministral,Zero_Shot,cw_freq_brwac,3.84267,metrics_output_ministral_Zero-shot_6.json
ministral,Zero_Shot,brunet,14.62154,metrics_output_ministral_Zero-shot_6.json
ministral,Zero_Shot,honore,632.67669,metrics_output_ministral_Zero-shot_6.json
ministral,Zero_Shot,ttr,0.66021,metrics_output_ministral_Zero-shot_6.json
ministral,Zero_Shot,gunning_fox,18.63723,metrics_output_ministral_Zero-shot_6.json
ministral,Zero_Shot,flesch,60.21863,metrics_output_ministral_Zero-shot_7.json
ministral,Zero_Shot,sentences_per_paragraph,2.09804,metrics_output_ministral_Zero-shot_7.json
ministral,Zero_Shot,syllables_per_content_word,2.5181,metrics_output_ministral_Zero-shot_7.json
ministral,Zero_Shot,words_per_sentence,10.94393,metrics_output_ministral_Zero-shot_7.json
ministral,Zero_Shot,noun_ratio,0.41332,metrics_output_ministral_Zero-shot_7.json
ministral,Zero_Shot,cw_freq_brwac,3.7779,metrics_output_ministral_Zero-shot_7.json
ministral,Zero_Shot,brunet,14.24059,metrics_output_ministral_Zero-shot_7.json
ministral,Zero_Shot,honore,749.2061,metrics_output_ministral_Zero-shot_7.json
ministral,Zero_Shot,ttr,0.64523,metrics_output_ministral_Zero-shot_7.json
ministral,Zero_Shot,gunning_fox,16.77723,metrics_output_ministral_Zero-shot_7.json
ministral,Zero_Shot,flesch,72.48857,metrics_output_ministral_Zero-shot_8.json
ministral,Zero_Shot,sentences_per_paragraph,1.7,metrics_output_ministral_Zero-shot_8.json
ministral,Zero_Shot,syllables_per_content_word,2.2623,metrics_output_ministral_Zero-shot_8.json
ministral,Zero_Shot,words_per_sentence,9.79412,metrics_output_ministral_Zero-shot_8.json
ministral,Zero_Shot,noun_ratio,0.5045,metrics_output_ministral_Zero-shot_8.json
ministral,Zero_Shot,cw_freq_brwac,3.44974,metrics_output_ministral_Zero-shot_8.json
ministral,Zero_Shot,brunet,12.87286,metrics_output_ministral_Zero-shot_8.json
ministral,Zero_Shot,honore,641.67441,metrics_output_ministral_Zero-shot_8.json
ministral,Zero_Shot,ttr,0.61081,metrics_output_ministral_Zero-shot_8.json
ministral,Zero_Shot,gunning_fox,15.20894,metrics_output_ministral_Zero-shot_8.json
ministral,Zero_Shot,flesch,59.14617,metrics_output_ministral_Zero-shot_9.json
ministral,Zero_Shot,sentences_per_paragraph,1.28302,metrics_output_ministral_Zero-shot_9.json
ministral,Zero_Shot,syllables_per_content_word,2.51429,metrics_output_ministral_Zero-shot_9.json
ministral,Zero_Shot,words_per_sentence,8.48529,metrics_output_ministral_Zero-shot_9.json
ministral,Zero_Shot,noun_ratio,0.58579,metrics_output_ministral_Zero-shot_9.json
ministral,Zero_Shot,cw_freq_brwac,2.72712,metrics_output_ministral_Zero-shot_9.json
ministral,Zero_Shot,brunet,12.68007,metrics_output_ministral_Zero-shot_9.json
ministral,Zero_Shot,honore,1055.74369,metrics_output_ministral_Zero-shot_9.json
ministral,Zero_Shot,ttr,0.63343,metrics_output_ministral_Zero-shot_9.json
ministral,Zero_Shot,gunning_fox,17.25894,metrics_output_ministral_Zero-shot_9.json
gpt-oss-120b,"Identity,_Intent_and_Behaviour",flesch,42.03,"metrics_output_openai_gpt-oss-120b_limpo_Identity,_Intent_and_Behaviour_0.json"
gpt-oss-120b,"Identity,_Intent_and_Behaviour",sentences_per_paragraph,1.21739,"metrics_output_openai_gpt-oss-120b_limpo_Identity,_Intent_and_Behaviour_0.json"
gpt-oss-120b,"Identity,_Intent_and_Behaviour",syllables_per_content_word,2.76705,"metrics_output_openai_gpt-oss-120b_limpo_Identity,_Intent_and_Behaviour_0.json"
gpt-oss-120b,"Identity,_Intent_and_Behaviour",words_per_sentence,8.57143,"metrics_output_openai_gpt-oss-120b_limpo_Identity,_Intent_and_Behaviour_0.json"
gpt-oss-120b,"Identity,_Intent_and_Behaviour",noun_ratio,0.49375,"metrics_output_openai_gpt-oss-120b_limpo_Identity,_Intent_and_Behaviour_0.json"
gpt-oss-120b,"Identity,_Intent_and_Behaviour",cw_freq_brwac,3.87431,"metrics_output_openai_gpt-oss-120b_limpo_Identity,_Intent_and_Behaviour_0.json"
gpt-oss-120b,"Identity,_Intent_and_Behaviour",brunet,11.81824,"metrics_output_openai_gpt-oss-120b_limpo_Identity,_Intent_and_Behaviour_0.json"
gpt-oss-120b,"Identity,_Intent_and_Behaviour",honore,947.61677,"metrics_output_openai_gpt-oss-120b_limpo_Identity,_Intent_and_Behaviour_0.json"
gpt-oss-120b,"Identity,_Intent_and_Behaviour",ttr,0.75029,"metrics_output_openai_gpt-oss-120b_limpo_Identity,_Intent_and_Behaviour_0.json"
gpt-oss-120b,"Identity,_Intent_and_Behaviour",gunning_fox,19.67857,"metrics_output_openai_gpt-oss-120b_limpo_Identity,_Intent_and_Behaviour_0.json"
gpt-oss-120b,"Identity,_Intent_and_Behaviour",flesch,29.95478,"metrics_output_openai_gpt-oss-120b_limpo_Identity,_Intent_and_Behaviour_1.json"
gpt-oss-120b,"Identity,_Intent_and_Behaviour",sentences_per_paragraph,1.43333,"metrics_output_openai_gpt-oss-120b_limpo_Identity,_Intent_and_Behaviour_1.json"
gpt-oss-120b,"Identity,_Intent_and_Behaviour",syllables_per_content_word,3.0175,"metrics_output_openai_gpt-oss-120b_limpo_Identity,_Intent_and_Behaviour_1.json"
gpt-oss-120b,"Identity,_Intent_and_Behaviour",words_per_sentence,13.51163,"metrics_output_openai_gpt-oss-120b_limpo_Identity,_Intent_and_Behaviour_1.json"
gpt-oss-120b,"Identity,_Intent_and_Behaviour",noun_ratio,0.52496,"metrics_output_openai_gpt-oss-120b_limpo_Identity,_Intent_and_Behaviour_1.json"
gpt-oss-120b,"Identity,_Intent_and_Behaviour",cw_freq_brwac,3.1987,"metrics_output_openai_gpt-oss-120b_limpo_Identity,_Intent_and_Behaviour_1.json"
gpt-oss-120b,"Identity,_Intent_and_Behaviour",brunet,11.49911,"metrics_output_openai_gpt-oss-120b_limpo_Identity,_Intent_and_Behaviour_1.json"
gpt-oss-120b,"Identity,_Intent_and_Behaviour",honore,1119.15424,"metrics_output_openai_gpt-oss-120b_limpo_Identity,_Intent_and_Behaviour_1.json"
gpt-oss-120b,"Identity,_Intent_and_Behaviour",ttr,0.79409,"metrics_output_openai_gpt-oss-120b_limpo_Identity,_Intent_and_Behaviour_1.json"
gpt-oss-120b,"Identity,_Intent_and_Behaviour",gunning_fox,22.75405,"metrics_output_openai_gpt-oss-120b_limpo_Identity,_Intent_and_Behaviour_1.json"
gpt-oss-120b,"Identity,_Intent_and_Behaviour",flesch,44.01478,"metrics_output_openai_gpt-oss-120b_limpo_Identity,_Intent_and_Behaviour_2.json"
gpt-oss-120b,"Identity,_Intent_and_Behaviour",sentences_per_paragraph,1.26829,"metrics_output_openai_gpt-oss-120b_limpo_Identity,_Intent_and_Behaviour_2.json"
gpt-oss-120b,"Identity,_Intent_and_Behaviour",syllables_per_content_word,2.61593,"metrics_output_openai_gpt-oss-120b_limpo_Identity,_Intent_and_Behaviour_2.json"
gpt-oss-120b,"Identity,_Intent_and_Behaviour",words_per_sentence,14.42308,"metrics_output_openai_gpt-oss-120b_limpo_Identity,_Intent_and_Behaviour_2.json"
gpt-oss-120b,"Identity,_Intent_and_Behaviour",noun_ratio,0.64,"metrics_output_openai_gpt-oss-120b_limpo_Identity,_Intent_and_Behaviour_2.json"
gpt-oss-120b,"Identity,_Intent_and_Behaviour",cw_freq_brwac,2.7352,"metrics_output_openai_gpt-oss-120b_limpo_Identity,_Intent_and_Behaviour_2.json"
gpt-oss-120b,"Identity,_Intent_and_Behaviour",brunet,12.98394,"metrics_output_openai_gpt-oss-120b_limpo_Identity,_Intent_and_Behaviour_2.json"
gpt-oss-120b,"Identity,_Intent_and_Behaviour",honore,739.97478,"metrics_output_openai_gpt-oss-120b_limpo_Identity,_Intent_and_Behaviour_2.json"
gpt-oss-120b,"Identity,_Intent_and_Behaviour",ttr,0.68175,"metrics_output_openai_gpt-oss-120b_limpo_Identity,_Intent_and_Behaviour_2.json"
gpt-oss-120b,"Identity,_Intent_and_Behaviour",gunning_fox,21.66256,"metrics_output_openai_gpt-oss-120b_limpo_Identity,_Intent_and_Behaviour_2.json"
gpt-oss-120b,"Identity,_Intent_and_Behaviour",flesch,21.9249,"metrics_output_openai_gpt-oss-120b_limpo_Identity,_Intent_and_Behaviour_3.json"
gpt-oss-120b,"Identity,_Intent_and_Behaviour",sentences_per_paragraph,1.30303,"metrics_output_openai_gpt-oss-120b_limpo_Identity,_Intent_and_Behaviour_3.json"
gpt-oss-120b,"Identity,_Intent_and_Behaviour",syllables_per_content_word,3.10894,"metrics_output_openai_gpt-oss-120b_limpo_Identity,_Intent_and_Behaviour_3.json"
gpt-oss-120b,"Identity,_Intent_and_Behaviour",words_per_sentence,21.90698,"metrics_output_openai_gpt-oss-120b_limpo_Identity,_Intent_and_Behaviour_3.json"
gpt-oss-120b,"Identity,_Intent_and_Behaviour",noun_ratio,0.5,"metrics_output_openai_gpt-oss-120b_limpo_Identity,_Intent_and_Behaviour_3.json"
gpt-oss-120b,"Identity,_Intent_and_Behaviour",cw_freq_brwac,3.26549,"metrics_output_openai_gpt-oss-120b_limpo_Identity,_Intent_and_Behaviour_3.json"
gpt-oss-120b,"Identity,_Intent_and_Behaviour",brunet,12.21649,"metrics_output_openai_gpt-oss-120b_limpo_Identity,_Intent_and_Behaviour_3.json"
gpt-oss-120b,"Identity,_Intent_and_Behaviour",honore,1036.27086,"metrics_output_openai_gpt-oss-120b_limpo_Identity,_Intent_and_Behaviour_3.json"
gpt-oss-120b,"Identity,_Intent_and_Behaviour",ttr,0.74456,"metrics_output_openai_gpt-oss-120b_limpo_Identity,_Intent_and_Behaviour_3.json"
gpt-oss-120b,"Identity,_Intent_and_Behaviour",gunning_fox,26.38487,"metrics_output_openai_gpt-oss-120b_limpo_Identity,_Intent_and_Behaviour_3.json"
gpt-oss-120b,"Identity,_Intent_and_Behaviour",flesch,29.83498,"metrics_output_openai_gpt-oss-120b_limpo_Identity,_Intent_and_Behaviour_4.json"
gpt-oss-120b,"Identity,_Intent_and_Behaviour",sentences_per_paragraph,1.58333,"metrics_output_openai_gpt-oss-120b_limpo_Identity,_Intent_and_Behaviour_4.json"
gpt-oss-120b,"Identity,_Intent_and_Behaviour",syllables_per_content_word,3.04225,"metrics_output_openai_gpt-oss-120b_limpo_Identity,_Intent_and_Behaviour_4.json"
gpt-oss-120b,"Identity,_Intent_and_Behaviour",words_per_sentence,17.52632,"metrics_output_openai_gpt-oss-120b_limpo_Identity,_Intent_and_Behaviour_4.json"
gpt-oss-120b,"Identity,_Intent_and_Behaviour",noun_ratio,0.47748,"metrics_output_openai_gpt-oss-120b_limpo_Identity,_Intent_and_Behaviour_4.json"
gpt-oss-120b,"Identity,_Intent_and_Behaviour",cw_freq_brwac,3.40121,"metrics_output_openai_gpt-oss-120b_limpo_Identity,_Intent_and_Behaviour_4.json"
gpt-oss-120b,"Identity,_Intent_and_Behaviour",brunet,11.21366,"metrics_output_openai_gpt-oss-120b_limpo_Identity,_Intent_and_Behaviour_4.json"
gpt-oss-120b,"Identity,_Intent_and_Behaviour",honore,966.14373,"metrics_output_openai_gpt-oss-120b_limpo_Identity,_Intent_and_Behaviour_4.json"
gpt-oss-120b,"Identity,_Intent_and_Behaviour",ttr,0.75791,"metrics_output_openai_gpt-oss-120b_limpo_Identity,_Intent_and_Behaviour_4.json"
gpt-oss-120b,"Identity,_Intent_and_Behaviour",gunning_fox,24.42794,"metrics_output_openai_gpt-oss-120b_limpo_Identity,_Intent_and_Behaviour_4.json"
gpt-oss-120b,"Identity,_Intent_and_Behaviour",flesch,41.48636,"metrics_output_openai_gpt-oss-120b_limpo_Identity,_Intent_and_Behaviour_5.json"
gpt-oss-120b,"Identity,_Intent_and_Behaviour",sentences_per_paragraph,2.2,"metrics_output_openai_gpt-oss-120b_limpo_Identity,_Intent_and_Behaviour_5.json"
gpt-oss-120b,"Identity,_Intent_and_Behaviour",syllables_per_content_word,2.92188,"metrics_output_openai_gpt-oss-120b_limpo_Identity,_Intent_and_Behaviour_5.json"
gpt-oss-120b,"Identity,_Intent_and_Behaviour",words_per_sentence,8.54545,"metrics_output_openai_gpt-oss-120b_limpo_Identity,_Intent_and_Behaviour_5.json"
gpt-oss-120b,"Identity,_Intent_and_Behaviour",noun_ratio,0.46277,"metrics_output_openai_gpt-oss-120b_limpo_Identity,_Intent_and_Behaviour_5.json"
gpt-oss-120b,"Identity,_Intent_and_Behaviour",cw_freq_brwac,3.69611,"metrics_output_openai_gpt-oss-120b_limpo_Identity,_Intent_and_Behaviour_5.json"
gpt-oss-120b,"Identity,_Intent_and_Behaviour",brunet,11.56719,"metrics_output_openai_gpt-oss-120b_limpo_Identity,_Intent_and_Behaviour_5.json"
gpt-oss-120b,"Identity,_Intent_and_Behaviour",honore,997.30002,"metrics_output_openai_gpt-oss-120b_limpo_Identity,_Intent_and_Behaviour_5.json"
gpt-oss-120b,"Identity,_Intent_and_Behaviour",ttr,0.74267,"metrics_output_openai_gpt-oss-120b_limpo_Identity,_Intent_and_Behaviour_5.json"
gpt-oss-120b,"Identity,_Intent_and_Behaviour",gunning_fox,20.33308,"metrics_output_openai_gpt-oss-120b_limpo_Identity,_Intent_and_Behaviour_5.json"
gpt-oss-120b,"Identity,_Intent_and_Behaviour",flesch,15.49959,"metrics_output_openai_gpt-oss-120b_limpo_Identity,_Intent_and_Behaviour_6.json"
gpt-oss-120b,"Identity,_Intent_and_Behaviour",sentences_per_paragraph,1.37778,"metrics_output_openai_gpt-oss-120b_limpo_Identity,_Intent_and_Behaviour_6.json"
gpt-oss-120b,"Identity,_Intent_and_Behaviour",syllables_per_content_word,3.25418,"metrics_output_openai_gpt-oss-120b_limpo_Identity,_Intent_and_Behaviour_6.json"
gpt-oss-120b,"Identity,_Intent_and_Behaviour",words_per_sentence,14.6129,"metrics_output_openai_gpt-oss-120b_limpo_Identity,_Intent_and_Behaviour_6.json"
gpt-oss-120b,"Identity,_Intent_and_Behaviour",noun_ratio,0.37196,"metrics_output_openai_gpt-oss-120b_limpo_Identity,_Intent_and_Behaviour_6.json"
gpt-oss-120b,"Identity,_Intent_and_Behaviour",cw_freq_brwac,4.21396,"metrics_output_openai_gpt-oss-120b_limpo_Identity,_Intent_and_Behaviour_6.json"
gpt-oss-120b,"Identity,_Intent_and_Behaviour",brunet,13.20305,"metrics_output_openai_gpt-oss-120b_limpo_Identity,_Intent_and_Behaviour_6.json"
gpt-oss-120b,"Identity,_Intent_and_Behaviour",honore,725.10404,"metrics_output_openai_gpt-oss-120b_limpo_Identity,_Intent_and_Behaviour_6.json"
gpt-oss-120b,"Identity,_Intent_and_Behaviour",ttr,0.74499,"metrics_output_openai_gpt-oss-120b_limpo_Identity,_Intent_and_Behaviour_6.json"
gpt-oss-120b,"Identity,_Intent_and_Behaviour",gunning_fox,23.10785,"metrics_output_openai_gpt-oss-120b_limpo_Identity,_Intent_and_Behaviour_6.json"
gpt-oss-120b,"Identity,_Intent_and_Behaviour",flesch,32.57439,"metrics_output_openai_gpt-oss-120b_limpo_Identity,_Intent_and_Behaviour_7.json"
gpt-oss-120b,"Identity,_Intent_and_Behaviour",sentences_per_paragraph,2.625,"metrics_output_openai_gpt-oss-120b_limpo_Identity,_Intent_and_Behaviour_7.json"
gpt-oss-120b,"Identity,_Intent_and_Behaviour",syllables_per_content_word,3.06074,"metrics_output_openai_gpt-oss-120b_limpo_Identity,_Intent_and_Behaviour_7.json"
gpt-oss-120b,"Identity,_Intent_and_Behaviour",words_per_sentence,12.33333,"metrics_output_openai_gpt-oss-120b_limpo_Identity,_Intent_and_Behaviour_7.json"
gpt-oss-120b,"Identity,_Intent_and_Behaviour",noun_ratio,0.39479,"metrics_output_openai_gpt-oss-120b_limpo_Identity,_Intent_and_Behaviour_7.json"
gpt-oss-120b,"Identity,_Intent_and_Behaviour",cw_freq_brwac,4.06555,"metrics_output_openai_gpt-oss-120b_limpo_Identity,_Intent_and_Behaviour_7.json"
gpt-oss-120b,"Identity,_Intent_and_Behaviour",brunet,13.06505,"metrics_output_openai_gpt-oss-120b_limpo_Identity,_Intent_and_Behaviour_7.json"
gpt-oss-120b,"Identity,_Intent_and_Behaviour",honore,870.86964,"metrics_output_openai_gpt-oss-120b_limpo_Identity,_Intent_and_Behaviour_7.json"
gpt-oss-120b,"Identity,_Intent_and_Behaviour",ttr,0.72014,"metrics_output_openai_gpt-oss-120b_limpo_Identity,_Intent_and_Behaviour_7.json"
gpt-oss-120b,"Identity,_Intent_and_Behaviour",gunning_fox,21.11094,"metrics_output_openai_gpt-oss-120b_limpo_Identity,_Intent_and_Behaviour_7.json"
gpt-oss-120b,"Identity,_Intent_and_Behaviour",flesch,65.12176,"metrics_output_openai_gpt-oss-120b_limpo_Identity,_Intent_and_Behaviour_8.json"
gpt-oss-120b,"Identity,_Intent_and_Behaviour",sentences_per_paragraph,2.0,"metrics_output_openai_gpt-oss-120b_limpo_Identity,_Intent_and_Behaviour_8.json"
gpt-oss-120b,"Identity,_Intent_and_Behaviour",syllables_per_content_word,2.60606,"metrics_output_openai_gpt-oss-120b_limpo_Identity,_Intent_and_Behaviour_8.json"
gpt-oss-120b,"Identity,_Intent_and_Behaviour",words_per_sentence,8.2,"metrics_output_openai_gpt-oss-120b_limpo_Identity,_Intent_and_Behaviour_8.json"
gpt-oss-120b,"Identity,_Intent_and_Behaviour",noun_ratio,0.42073,"metrics_output_openai_gpt-oss-120b_limpo_Identity,_Intent_and_Behaviour_8.json"
gpt-oss-120b,"Identity,_Intent_and_Behaviour",cw_freq_brwac,3.51414,"metrics_output_openai_gpt-oss-120b_limpo_Identity,_Intent_and_Behaviour_8.json"
gpt-oss-120b,"Identity,_Intent_and_Behaviour",brunet,10.90636,"metrics_output_openai_gpt-oss-120b_limpo_Identity,_Intent_and_Behaviour_8.json"
gpt-oss-120b,"Identity,_Intent_and_Behaviour",honore,756.10187,"metrics_output_openai_gpt-oss-120b_limpo_Identity,_Intent_and_Behaviour_8.json"
gpt-oss-120b,"Identity,_Intent_and_Behaviour",ttr,0.61292,"metrics_output_openai_gpt-oss-120b_limpo_Identity,_Intent_and_Behaviour_8.json"
gpt-oss-120b,"Identity,_Intent_and_Behaviour",gunning_fox,14.74341,"metrics_output_openai_gpt-oss-120b_limpo_Identity,_Intent_and_Behaviour_8.json"
gpt-oss-120b,"Identity,_Intent_and_Behaviour",flesch,25.64903,"metrics_output_openai_gpt-oss-120b_limpo_Identity,_Intent_and_Behaviour_9.json"
gpt-oss-120b,"Identity,_Intent_and_Behaviour",sentences_per_paragraph,1.38889,"metrics_output_openai_gpt-oss-120b_limpo_Identity,_Intent_and_Behaviour_9.json"
gpt-oss-120b,"Identity,_Intent_and_Behaviour",syllables_per_content_word,3.07221,"metrics_output_openai_gpt-oss-120b_limpo_Identity,_Intent_and_Behaviour_9.json"
gpt-oss-120b,"Identity,_Intent_and_Behaviour",words_per_sentence,13.16,"metrics_output_openai_gpt-oss-120b_limpo_Identity,_Intent_and_Behaviour_9.json"
gpt-oss-120b,"Identity,_Intent_and_Behaviour",noun_ratio,0.51368,"metrics_output_openai_gpt-oss-120b_limpo_Identity,_Intent_and_Behaviour_9.json"
gpt-oss-120b,"Identity,_Intent_and_Behaviour",cw_freq_brwac,3.56977,"metrics_output_openai_gpt-oss-120b_limpo_Identity,_Intent_and_Behaviour_9.json"
gpt-oss-120b,"Identity,_Intent_and_Behaviour",brunet,12.27776,"metrics_output_openai_gpt-oss-120b_limpo_Identity,_Intent_and_Behaviour_9.json"
gpt-oss-120b,"Identity,_Intent_and_Behaviour",honore,943.36404,"metrics_output_openai_gpt-oss-120b_limpo_Identity,_Intent_and_Behaviour_9.json"
gpt-oss-120b,"Identity,_Intent_and_Behaviour",ttr,0.73242,"metrics_output_openai_gpt-oss-120b_limpo_Identity,_Intent_and_Behaviour_9.json"
gpt-oss-120b,"Identity,_Intent_and_Behaviour",gunning_fox,23.44029,"metrics_output_openai_gpt-oss-120b_limpo_Identity,_Intent_and_Behaviour_9.json"
gpt-oss-120b,Tree_of_Thought,flesch,63.92092,metrics_output_openai_gpt-oss-120b_limpo_Tree_of_Thought_0.json
gpt-oss-120b,Tree_of_Thought,sentences_per_paragraph,1.34483,metrics_output_openai_gpt-oss-120b_limpo_Tree_of_Thought_0.json
gpt-oss-120b,Tree_of_Thought,syllables_per_content_word,2.46429,metrics_output_openai_gpt-oss-120b_limpo_Tree_of_Thought_0.json
gpt-oss-120b,Tree_of_Thought,words_per_sentence,8.02564,metrics_output_openai_gpt-oss-120b_limpo_Tree_of_Thought_0.json
gpt-oss-120b,Tree_of_Thought,noun_ratio,0.48243,metrics_output_openai_gpt-oss-120b_limpo_Tree_of_Thought_0.json
gpt-oss-120b,Tree_of_Thought,cw_freq_brwac,3.49046,metrics_output_openai_gpt-oss-120b_limpo_Tree_of_Thought_0.json
gpt-oss-120b,Tree_of_Thought,brunet,11.24269,metrics_output_openai_gpt-oss-120b_limpo_Tree_of_Thought_0.json
gpt-oss-120b,Tree_of_Thought,honore,1274.75103,metrics_output_openai_gpt-oss-120b_limpo_Tree_of_Thought_0.json
gpt-oss-120b,Tree_of_Thought,ttr,0.76584,metrics_output_openai_gpt-oss-120b_limpo_Tree_of_Thought_0.json
gpt-oss-120b,Tree_of_Thought,gunning_fox,16.50099,metrics_output_openai_gpt-oss-120b_limpo_Tree_of_Thought_0.json
gpt-oss-120b,Tree_of_Thought,flesch,38.39668,metrics_output_openai_gpt-oss-120b_limpo_Tree_of_Thought_1.json
gpt-oss-120b,Tree_of_Thought,sentences_per_paragraph,1.45455,metrics_output_openai_gpt-oss-120b_limpo_Tree_of_Thought_1.json
gpt-oss-120b,Tree_of_Thought,syllables_per_content_word,2.91987,metrics_output_openai_gpt-oss-120b_limpo_Tree_of_Thought_1.json
gpt-oss-120b,Tree_of_Thought,words_per_sentence,9.39583,metrics_output_openai_gpt-oss-120b_limpo_Tree_of_Thought_1.json
gpt-oss-120b,Tree_of_Thought,noun_ratio,0.50776,metrics_output_openai_gpt-oss-120b_limpo_Tree_of_Thought_1.json
gpt-oss-120b,Tree_of_Thought,cw_freq_brwac,3.3202,metrics_output_openai_gpt-oss-120b_limpo_Tree_of_Thought_1.json
gpt-oss-120b,Tree_of_Thought,brunet,11.47368,metrics_output_openai_gpt-oss-120b_limpo_Tree_of_Thought_1.json
gpt-oss-120b,Tree_of_Thought,honore,1174.13572,metrics_output_openai_gpt-oss-120b_limpo_Tree_of_Thought_1.json
gpt-oss-120b,Tree_of_Thought,ttr,0.75935,metrics_output_openai_gpt-oss-120b_limpo_Tree_of_Thought_1.json
gpt-oss-120b,Tree_of_Thought,gunning_fox,20.25501,metrics_output_openai_gpt-oss-120b_limpo_Tree_of_Thought_1.json
gpt-oss-120b,Tree_of_Thought,flesch,42.08753,metrics_output_openai_gpt-oss-120b_limpo_Tree_of_Thought_2.json
gpt-oss-120b,Tree_of_Thought,sentences_per_paragraph,1.71429,metrics_output_openai_gpt-oss-120b_limpo_Tree_of_Thought_2.json
gpt-oss-120b,Tree_of_Thought,syllables_per_content_word,2.99167,metrics_output_openai_gpt-oss-120b_limpo_Tree_of_Thought_2.json
gpt-oss-120b,Tree_of_Thought,words_per_sentence,17.16667,metrics_output_openai_gpt-oss-120b_limpo_Tree_of_Thought_2.json
gpt-oss-120b,Tree_of_Thought,noun_ratio,0.37864,metrics_output_openai_gpt-oss-120b_limpo_Tree_of_Thought_2.json
gpt-oss-120b,Tree_of_Thought,cw_freq_brwac,3.99011,metrics_output_openai_gpt-oss-120b_limpo_Tree_of_Thought_2.json
gpt-oss-120b,Tree_of_Thought,brunet,10.39356,metrics_output_openai_gpt-oss-120b_limpo_Tree_of_Thought_2.json
gpt-oss-120b,Tree_of_Thought,honore,1407.60256,metrics_output_openai_gpt-oss-120b_limpo_Tree_of_Thought_2.json
gpt-oss-120b,Tree_of_Thought,ttr,0.79467,metrics_output_openai_gpt-oss-120b_limpo_Tree_of_Thought_2.json
gpt-oss-120b,Tree_of_Thought,gunning_fox,22.98317,metrics_output_openai_gpt-oss-120b_limpo_Tree_of_Thought_2.json
gpt-oss-120b,Tree_of_Thought,flesch,30.21097,metrics_output_openai_gpt-oss-120b_limpo_Tree_of_Thought_3.json
gpt-oss-120b,Tree_of_Thought,sentences_per_paragraph,1.30769,metrics_output_openai_gpt-oss-120b_limpo_Tree_of_Thought_3.json
gpt-oss-120b,Tree_of_Thought,syllables_per_content_word,3.01277,metrics_output_openai_gpt-oss-120b_limpo_Tree_of_Thought_3.json
gpt-oss-120b,Tree_of_Thought,words_per_sentence,21.29412,metrics_output_openai_gpt-oss-120b_limpo_Tree_of_Thought_3.json
gpt-oss-120b,Tree_of_Thought,noun_ratio,0.46961,metrics_output_openai_gpt-oss-120b_limpo_Tree_of_Thought_3.json
gpt-oss-120b,Tree_of_Thought,cw_freq_brwac,3.59935,metrics_output_openai_gpt-oss-120b_limpo_Tree_of_Thought_3.json
gpt-oss-120b,Tree_of_Thought,brunet,11.26141,metrics_output_openai_gpt-oss-120b_limpo_Tree_of_Thought_3.json
gpt-oss-120b,Tree_of_Thought,honore,1245.23817,metrics_output_openai_gpt-oss-120b_limpo_Tree_of_Thought_3.json
gpt-oss-120b,Tree_of_Thought,ttr,0.78183,metrics_output_openai_gpt-oss-120b_limpo_Tree_of_Thought_3.json
gpt-oss-120b,Tree_of_Thought,gunning_fox,25.64472,metrics_output_openai_gpt-oss-120b_limpo_Tree_of_Thought_3.json
gpt-oss-120b,Tree_of_Thought,flesch,44.06706,metrics_output_openai_gpt-oss-120b_limpo_Tree_of_Thought_4.json
gpt-oss-120b,Tree_of_Thought,sentences_per_paragraph,1.375,metrics_output_openai_gpt-oss-120b_limpo_Tree_of_Thought_4.json
gpt-oss-120b,Tree_of_Thought,syllables_per_content_word,2.75172,metrics_output_openai_gpt-oss-120b_limpo_Tree_of_Thought_4.json
gpt-oss-120b,Tree_of_Thought,words_per_sentence,20.90909,metrics_output_openai_gpt-oss-120b_limpo_Tree_of_Thought_4.json
gpt-oss-120b,Tree_of_Thought,noun_ratio,0.45217,metrics_output_openai_gpt-oss-120b_limpo_Tree_of_Thought_4.json
gpt-oss-120b,Tree_of_Thought,cw_freq_brwac,3.4443,metrics_output_openai_gpt-oss-120b_limpo_Tree_of_Thought_4.json
gpt-oss-120b,Tree_of_Thought,brunet,10.44973,metrics_output_openai_gpt-oss-120b_limpo_Tree_of_Thought_4.json
gpt-oss-120b,Tree_of_Thought,honore,1283.20546,metrics_output_openai_gpt-oss-120b_limpo_Tree_of_Thought_4.json
gpt-oss-120b,Tree_of_Thought,ttr,0.79618,metrics_output_openai_gpt-oss-120b_limpo_Tree_of_Thought_4.json
gpt-oss-120b,Tree_of_Thought,gunning_fox,22.97233,metrics_output_openai_gpt-oss-120b_limpo_Tree_of_Thought_4.json
gpt-oss-120b,Tree_of_Thought,flesch,33.66205,metrics_output_openai_gpt-oss-120b_limpo_Tree_of_Thought_5.json
gpt-oss-120b,Tree_of_Thought,sentences_per_paragraph,3.33333,metrics_output_openai_gpt-oss-120b_limpo_Tree_of_Thought_5.json
gpt-oss-120b,Tree_of_Thought,syllables_per_content_word,3.09709,metrics_output_openai_gpt-oss-120b_limpo_Tree_of_Thought_5.json
gpt-oss-120b,Tree_of_Thought,words_per_sentence,16.5,metrics_output_openai_gpt-oss-120b_limpo_Tree_of_Thought_5.json
gpt-oss-120b,Tree_of_Thought,noun_ratio,0.37576,metrics_output_openai_gpt-oss-120b_limpo_Tree_of_Thought_5.json
gpt-oss-120b,Tree_of_Thought,cw_freq_brwac,4.32302,metrics_output_openai_gpt-oss-120b_limpo_Tree_of_Thought_5.json
gpt-oss-120b,Tree_of_Thought,brunet,10.38696,metrics_output_openai_gpt-oss-120b_limpo_Tree_of_Thought_5.json
gpt-oss-120b,Tree_of_Thought,honore,1252.87843,metrics_output_openai_gpt-oss-120b_limpo_Tree_of_Thought_5.json
gpt-oss-120b,Tree_of_Thought,ttr,0.74288,metrics_output_openai_gpt-oss-120b_limpo_Tree_of_Thought_5.json
gpt-oss-120b,Tree_of_Thought,gunning_fox,22.6,metrics_output_openai_gpt-oss-120b_limpo_Tree_of_Thought_5.json
gpt-oss-120b,Tree_of_Thought,flesch,30.66019,metrics_output_openai_gpt-oss-120b_limpo_Tree_of_Thought_6.json
gpt-oss-120b,Tree_of_Thought,sentences_per_paragraph,1.3125,metrics_output_openai_gpt-oss-120b_limpo_Tree_of_Thought_6.json
gpt-oss-120b,Tree_of_Thought,syllables_per_content_word,3.02459,metrics_output_openai_gpt-oss-120b_limpo_Tree_of_Thought_6.json
gpt-oss-120b,Tree_of_Thought,words_per_sentence,8.35714,metrics_output_openai_gpt-oss-120b_limpo_Tree_of_Thought_6.json
gpt-oss-120b,Tree_of_Thought,noun_ratio,0.41311,metrics_output_openai_gpt-oss-120b_limpo_Tree_of_Thought_6.json
gpt-oss-120b,Tree_of_Thought,cw_freq_brwac,4.04538,metrics_output_openai_gpt-oss-120b_limpo_Tree_of_Thought_6.json
gpt-oss-120b,Tree_of_Thought,brunet,11.39465,metrics_output_openai_gpt-oss-120b_limpo_Tree_of_Thought_6.json
gpt-oss-120b,Tree_of_Thought,honore,873.88878,metrics_output_openai_gpt-oss-120b_limpo_Tree_of_Thought_6.json
gpt-oss-120b,Tree_of_Thought,ttr,0.7623,metrics_output_openai_gpt-oss-120b_limpo_Tree_of_Thought_6.json
gpt-oss-120b,Tree_of_Thought,gunning_fox,19.52519,metrics_output_openai_gpt-oss-120b_limpo_Tree_of_Thought_6.json
gpt-oss-120b,Tree_of_Thought,flesch,36.86822,metrics_output_openai_gpt-oss-120b_limpo_Tree_of_Thought_7.json
gpt-oss-120b,Tree_of_Thought,sentences_per_paragraph,2.22222,metrics_output_openai_gpt-oss-120b_limpo_Tree_of_Thought_7.json
gpt-oss-120b,Tree_of_Thought,syllables_per_content_word,3.11976,metrics_output_openai_gpt-oss-120b_limpo_Tree_of_Thought_7.json
gpt-oss-120b,Tree_of_Thought,words_per_sentence,13.85,metrics_output_openai_gpt-oss-120b_limpo_Tree_of_Thought_7.json
gpt-oss-120b,Tree_of_Thought,noun_ratio,0.35018,metrics_output_openai_gpt-oss-120b_limpo_Tree_of_Thought_7.json
gpt-oss-120b,Tree_of_Thought,cw_freq_brwac,4.23568,metrics_output_openai_gpt-oss-120b_limpo_Tree_of_Thought_7.json
gpt-oss-120b,Tree_of_Thought,brunet,11.24044,metrics_output_openai_gpt-oss-120b_limpo_Tree_of_Thought_7.json
gpt-oss-120b,Tree_of_Thought,honore,921.481,metrics_output_openai_gpt-oss-120b_limpo_Tree_of_Thought_7.json
gpt-oss-120b,Tree_of_Thought,ttr,0.74635,metrics_output_openai_gpt-oss-120b_limpo_Tree_of_Thought_7.json
gpt-oss-120b,Tree_of_Thought,gunning_fox,21.71329,metrics_output_openai_gpt-oss-120b_limpo_Tree_of_Thought_7.json
gpt-oss-120b,Tree_of_Thought,flesch,47.66898,metrics_output_openai_gpt-oss-120b_limpo_Tree_of_Thought_8.json
gpt-oss-120b,Tree_of_Thought,sentences_per_paragraph,1.33333,metrics_output_openai_gpt-oss-120b_limpo_Tree_of_Thought_8.json
gpt-oss-120b,Tree_of_Thought,syllables_per_content_word,2.79775,metrics_output_openai_gpt-oss-120b_limpo_Tree_of_Thought_8.json
gpt-oss-120b,Tree_of_Thought,words_per_sentence,11.41667,metrics_output_openai_gpt-oss-120b_limpo_Tree_of_Thought_8.json
gpt-oss-120b,Tree_of_Thought,noun_ratio,0.30657,metrics_output_openai_gpt-oss-120b_limpo_Tree_of_Thought_8.json
gpt-oss-120b,Tree_of_Thought,cw_freq_brwac,4.4001,metrics_output_openai_gpt-oss-120b_limpo_Tree_of_Thought_8.json
gpt-oss-120b,Tree_of_Thought,brunet,9.76914,metrics_output_openai_gpt-oss-120b_limpo_Tree_of_Thought_8.json
gpt-oss-120b,Tree_of_Thought,honore,1332.30812,metrics_output_openai_gpt-oss-120b_limpo_Tree_of_Thought_8.json
gpt-oss-120b,Tree_of_Thought,ttr,0.79974,metrics_output_openai_gpt-oss-120b_limpo_Tree_of_Thought_8.json
gpt-oss-120b,Tree_of_Thought,gunning_fox,18.58127,metrics_output_openai_gpt-oss-120b_limpo_Tree_of_Thought_8.json
gpt-oss-120b,Tree_of_Thought,flesch,46.925,metrics_output_openai_gpt-oss-120b_limpo_Tree_of_Thought_9.json
gpt-oss-120b,Tree_of_Thought,sentences_per_paragraph,1.8,metrics_output_openai_gpt-oss-120b_limpo_Tree_of_Thought_9.json
gpt-oss-120b,Tree_of_Thought,syllables_per_content_word,2.63768,metrics_output_openai_gpt-oss-120b_limpo_Tree_of_Thought_9.json
gpt-oss-120b,Tree_of_Thought,words_per_sentence,10.0,metrics_output_openai_gpt-oss-120b_limpo_Tree_of_Thought_9.json
gpt-oss-120b,Tree_of_Thought,noun_ratio,0.67778,metrics_output_openai_gpt-oss-120b_limpo_Tree_of_Thought_9.json
gpt-oss-120b,Tree_of_Thought,cw_freq_brwac,2.5721,metrics_output_openai_gpt-oss-120b_limpo_Tree_of_Thought_9.json
gpt-oss-120b,Tree_of_Thought,brunet,9.69343,metrics_output_openai_gpt-oss-120b_limpo_Tree_of_Thought_9.json
gpt-oss-120b,Tree_of_Thought,honore,820.78185,metrics_output_openai_gpt-oss-120b_limpo_Tree_of_Thought_9.json
gpt-oss-120b,Tree_of_Thought,ttr,0.7,metrics_output_openai_gpt-oss-120b_limpo_Tree_of_Thought_9.json
gpt-oss-120b,Tree_of_Thought,gunning_fox,19.55556,metrics_output_openai_gpt-oss-120b_limpo_Tree_of_Thought_9.json
gpt-oss-120b,Zero_Shot,flesch,51.22248,metrics_output_openai_gpt-oss-120b_limpo_Zero-shot_0.json
gpt-oss-120b,Zero_Shot,sentences_per_paragraph,1.51064,metrics_output_openai_gpt-oss-120b_limpo_Zero-shot_0.json
gpt-oss-120b,Zero_Shot,syllables_per_content_word,2.74931,metrics_output_openai_gpt-oss-120b_limpo_Zero-shot_0.json
gpt-oss-120b,Zero_Shot,words_per_sentence,7.50704,metrics_output_openai_gpt-oss-120b_limpo_Zero-shot_0.json
gpt-oss-120b,Zero_Shot,noun_ratio,0.4409,metrics_output_openai_gpt-oss-120b_limpo_Zero-shot_0.json
gpt-oss-120b,Zero_Shot,cw_freq_brwac,3.99442,metrics_output_openai_gpt-oss-120b_limpo_Zero-shot_0.json
gpt-oss-120b,Zero_Shot,brunet,12.11322,metrics_output_openai_gpt-oss-120b_limpo_Zero-shot_0.json
gpt-oss-120b,Zero_Shot,honore,873.20193,metrics_output_openai_gpt-oss-120b_limpo_Zero-shot_0.json
gpt-oss-120b,Zero_Shot,ttr,0.70949,metrics_output_openai_gpt-oss-120b_limpo_Zero-shot_0.json
gpt-oss-120b,Zero_Shot,gunning_fox,18.38743,metrics_output_openai_gpt-oss-120b_limpo_Zero-shot_0.json
gpt-oss-120b,Zero_Shot,flesch,51.05059,metrics_output_openai_gpt-oss-120b_limpo_Zero-shot_1.json
gpt-oss-120b,Zero_Shot,sentences_per_paragraph,1.0,metrics_output_openai_gpt-oss-120b_limpo_Zero-shot_1.json
gpt-oss-120b,Zero_Shot,syllables_per_content_word,2.15281,metrics_output_openai_gpt-oss-120b_limpo_Zero-shot_1.json
gpt-oss-120b,Zero_Shot,words_per_sentence,16.7037,metrics_output_openai_gpt-oss-120b_limpo_Zero-shot_1.json
gpt-oss-120b,Zero_Shot,noun_ratio,0.8969,metrics_output_openai_gpt-oss-120b_limpo_Zero-shot_1.json
gpt-oss-120b,Zero_Shot,cw_freq_brwac,1.87704,metrics_output_openai_gpt-oss-120b_limpo_Zero-shot_1.json
gpt-oss-120b,Zero_Shot,brunet,12.74013,metrics_output_openai_gpt-oss-120b_limpo_Zero-shot_1.json
gpt-oss-120b,Zero_Shot,honore,744.55853,metrics_output_openai_gpt-oss-120b_limpo_Zero-shot_1.json
gpt-oss-120b,Zero_Shot,ttr,0.71618,metrics_output_openai_gpt-oss-120b_limpo_Zero-shot_1.json
gpt-oss-120b,Zero_Shot,gunning_fox,20.65044,metrics_output_openai_gpt-oss-120b_limpo_Zero-shot_1.json
gpt-oss-120b,Zero_Shot,flesch,40.15461,metrics_output_openai_gpt-oss-120b_limpo_Zero-shot_2.json
gpt-oss-120b,Zero_Shot,sentences_per_paragraph,1.0,metrics_output_openai_gpt-oss-120b_limpo_Zero-shot_2.json
gpt-oss-120b,Zero_Shot,syllables_per_content_word,2.62362,metrics_output_openai_gpt-oss-120b_limpo_Zero-shot_2.json
gpt-oss-120b,Zero_Shot,words_per_sentence,24.0,metrics_output_openai_gpt-oss-120b_limpo_Zero-shot_2.json
gpt-oss-120b,Zero_Shot,noun_ratio,0.55373,metrics_output_openai_gpt-oss-120b_limpo_Zero-shot_2.json
gpt-oss-120b,Zero_Shot,cw_freq_brwac,3.13788,metrics_output_openai_gpt-oss-120b_limpo_Zero-shot_2.json
gpt-oss-120b,Zero_Shot,brunet,13.2204,metrics_output_openai_gpt-oss-120b_limpo_Zero-shot_2.json
gpt-oss-120b,Zero_Shot,honore,823.7505,metrics_output_openai_gpt-oss-120b_limpo_Zero-shot_2.json
gpt-oss-120b,Zero_Shot,ttr,0.68081,metrics_output_openai_gpt-oss-120b_limpo_Zero-shot_2.json
gpt-oss-120b,Zero_Shot,gunning_fox,24.77544,metrics_output_openai_gpt-oss-120b_limpo_Zero-shot_2.json
gpt-oss-120b,Zero_Shot,flesch,27.41395,metrics_output_openai_gpt-oss-120b_limpo_Zero-shot_3.json
gpt-oss-120b,Zero_Shot,sentences_per_paragraph,1.41026,metrics_output_openai_gpt-oss-120b_limpo_Zero-shot_3.json
gpt-oss-120b,Zero_Shot,syllables_per_content_word,3.08596,metrics_output_openai_gpt-oss-120b_limpo_Zero-shot_3.json
gpt-oss-120b,Zero_Shot,words_per_sentence,20.12727,metrics_output_openai_gpt-oss-120b_limpo_Zero-shot_3.json
gpt-oss-120b,Zero_Shot,noun_ratio,0.42005,metrics_output_openai_gpt-oss-120b_limpo_Zero-shot_3.json
gpt-oss-120b,Zero_Shot,cw_freq_brwac,3.66505,metrics_output_openai_gpt-oss-120b_limpo_Zero-shot_3.json
gpt-oss-120b,Zero_Shot,brunet,12.57588,metrics_output_openai_gpt-oss-120b_limpo_Zero-shot_3.json
gpt-oss-120b,Zero_Shot,honore,985.23426,metrics_output_openai_gpt-oss-120b_limpo_Zero-shot_3.json
gpt-oss-120b,Zero_Shot,ttr,0.73136,metrics_output_openai_gpt-oss-120b_limpo_Zero-shot_3.json
gpt-oss-120b,Zero_Shot,gunning_fox,25.68415,metrics_output_openai_gpt-oss-120b_limpo_Zero-shot_3.json
gpt-oss-120b,Zero_Shot,flesch,16.44563,metrics_output_openai_gpt-oss-120b_limpo_Zero-shot_4.json
gpt-oss-120b,Zero_Shot,sentences_per_paragraph,1.02128,metrics_output_openai_gpt-oss-120b_limpo_Zero-shot_4.json
gpt-oss-120b,Zero_Shot,syllables_per_content_word,3.16637,metrics_output_openai_gpt-oss-120b_limpo_Zero-shot_4.json
gpt-oss-120b,Zero_Shot,words_per_sentence,17.625,metrics_output_openai_gpt-oss-120b_limpo_Zero-shot_4.json
gpt-oss-120b,Zero_Shot,noun_ratio,0.39953,metrics_output_openai_gpt-oss-120b_limpo_Zero-shot_4.json
gpt-oss-120b,Zero_Shot,cw_freq_brwac,4.24736,metrics_output_openai_gpt-oss-120b_limpo_Zero-shot_4.json
gpt-oss-120b,Zero_Shot,brunet,13.31697,metrics_output_openai_gpt-oss-120b_limpo_Zero-shot_4.json
gpt-oss-120b,Zero_Shot,honore,675.54701,metrics_output_openai_gpt-oss-120b_limpo_Zero-shot_4.json
gpt-oss-120b,Zero_Shot,ttr,0.74209,metrics_output_openai_gpt-oss-120b_limpo_Zero-shot_4.json
gpt-oss-120b,Zero_Shot,gunning_fox,24.63865,metrics_output_openai_gpt-oss-120b_limpo_Zero-shot_4.json
gpt-oss-120b,Zero_Shot,flesch,60.60598,metrics_output_openai_gpt-oss-120b_limpo_Zero-shot_5.json
gpt-oss-120b,Zero_Shot,sentences_per_paragraph,1.0,metrics_output_openai_gpt-oss-120b_limpo_Zero-shot_5.json
gpt-oss-120b,Zero_Shot,syllables_per_content_word,2.5,metrics_output_openai_gpt-oss-120b_limpo_Zero-shot_5.json
gpt-oss-120b,Zero_Shot,words_per_sentence,11.5,metrics_output_openai_gpt-oss-120b_limpo_Zero-shot_5.json
gpt-oss-120b,Zero_Shot,noun_ratio,0.30435,metrics_output_openai_gpt-oss-120b_limpo_Zero-shot_5.json
gpt-oss-120b,Zero_Shot,cw_freq_brwac,4.46293,metrics_output_openai_gpt-oss-120b_limpo_Zero-shot_5.json
gpt-oss-120b,Zero_Shot,brunet,6.66798,metrics_output_openai_gpt-oss-120b_limpo_Zero-shot_5.json
gpt-oss-120b,Zero_Shot,honore,1429.81423,metrics_output_openai_gpt-oss-120b_limpo_Zero-shot_5.json
gpt-oss-120b,Zero_Shot,ttr,0.91304,metrics_output_openai_gpt-oss-120b_limpo_Zero-shot_5.json
gpt-oss-120b,Zero_Shot,gunning_fox,20.25217,metrics_output_openai_gpt-oss-120b_limpo_Zero-shot_5.json
gpt-oss-120b,Zero_Shot,flesch,36.85086,metrics_output_openai_gpt-oss-120b_limpo_Zero-shot_6.json
gpt-oss-120b,Zero_Shot,sentences_per_paragraph,2.2,metrics_output_openai_gpt-oss-120b_limpo_Zero-shot_6.json
gpt-oss-120b,Zero_Shot,syllables_per_content_word,2.89785,metrics_output_openai_gpt-oss-120b_limpo_Zero-shot_6.json
gpt-oss-120b,Zero_Shot,words_per_sentence,12.31818,metrics_output_openai_gpt-oss-120b_limpo_Zero-shot_6.json
gpt-oss-120b,Zero_Shot,noun_ratio,0.51661,metrics_output_openai_gpt-oss-120b_limpo_Zero-shot_6.json
gpt-oss-120b,Zero_Shot,cw_freq_brwac,3.36556,metrics_output_openai_gpt-oss-120b_limpo_Zero-shot_6.json
gpt-oss-120b,Zero_Shot,brunet,11.56583,metrics_output_openai_gpt-oss-120b_limpo_Zero-shot_6.json
gpt-oss-120b,Zero_Shot,honore,1148.05738,metrics_output_openai_gpt-oss-120b_limpo_Zero-shot_6.json
gpt-oss-120b,Zero_Shot,ttr,0.64523,metrics_output_openai_gpt-oss-120b_limpo_Zero-shot_6.json
gpt-oss-120b,Zero_Shot,gunning_fox,21.01583,metrics_output_openai_gpt-oss-120b_limpo_Zero-shot_6.json
qwen3-32b,"Identity,_Intent_and_Behaviour",flesch,52.6874,"metrics_output_qwen_qwen3-32b_sanitized_limpo_Identity,_Intent_and_Behaviour_0.json"
qwen3-32b,"Identity,_Intent_and_Behaviour",sentences_per_paragraph,1.82,"metrics_output_qwen_qwen3-32b_sanitized_limpo_Identity,_Intent_and_Behaviour_0.json"
qwen3-32b,"Identity,_Intent_and_Behaviour",syllables_per_content_word,2.67665,"metrics_output_qwen_qwen3-32b_sanitized_limpo_Identity,_Intent_and_Behaviour_0.json"
qwen3-32b,"Identity,_Intent_and_Behaviour",words_per_sentence,5.13187,"metrics_output_qwen_qwen3-32b_sanitized_limpo_Identity,_Intent_and_Behaviour_0.json"
qwen3-32b,"Identity,_Intent_and_Behaviour",noun_ratio,0.45824,"metrics_output_qwen_qwen3-32b_sanitized_limpo_Identity,_Intent_and_Behaviour_0.json"
qwen3-32b,"Identity,_Intent_and_Behaviour",cw_freq_brwac,4.2115,"metrics_output_qwen_qwen3-32b_sanitized_limpo_Identity,_Intent_and_Behaviour_0.json"
qwen3-32b,"Identity,_Intent_and_Behaviour",brunet,12.12276,"metrics_output_qwen_qwen3-32b_sanitized_limpo_Identity,_Intent_and_Behaviour_0.json"
qwen3-32b,"Identity,_Intent_and_Behaviour",honore,862.95724,"metrics_output_qwen_qwen3-32b_sanitized_limpo_Identity,_Intent_and_Behaviour_0.json"
qwen3-32b,"Identity,_Intent_and_Behaviour",ttr,0.72728,"metrics_output_qwen_qwen3-32b_sanitized_limpo_Identity,_Intent_and_Behaviour_0.json"
qwen3-32b,"Identity,_Intent_and_Behaviour",gunning_fox,17.72727,"metrics_output_qwen_qwen3-32b_sanitized_limpo_Identity,_Intent_and_Behaviour_0.json"
qwen3-32b,"Identity,_Intent_and_Behaviour",flesch,23.745,"metrics_output_qwen_qwen3-32b_sanitized_limpo_Identity,_Intent_and_Behaviour_1.json"
qwen3-32b,"Identity,_Intent_and_Behaviour",sentences_per_paragraph,1.25,"metrics_output_qwen_qwen3-32b_sanitized_limpo_Identity,_Intent_and_Behaviour_1.json"
qwen3-32b,"Identity,_Intent_and_Behaviour",syllables_per_content_word,3.07101,"metrics_output_qwen_qwen3-32b_sanitized_limpo_Identity,_Intent_and_Behaviour_1.json"
qwen3-32b,"Identity,_Intent_and_Behaviour",words_per_sentence,12.0,"metrics_output_qwen_qwen3-32b_sanitized_limpo_Identity,_Intent_and_Behaviour_1.json"
qwen3-32b,"Identity,_Intent_and_Behaviour",noun_ratio,0.4875,"metrics_output_qwen_qwen3-32b_sanitized_limpo_Identity,_Intent_and_Behaviour_1.json"
qwen3-32b,"Identity,_Intent_and_Behaviour",cw_freq_brwac,3.57478,"metrics_output_qwen_qwen3-32b_sanitized_limpo_Identity,_Intent_and_Behaviour_1.json"
qwen3-32b,"Identity,_Intent_and_Behaviour",brunet,10.93931,"metrics_output_qwen_qwen3-32b_sanitized_limpo_Identity,_Intent_and_Behaviour_1.json"
qwen3-32b,"Identity,_Intent_and_Behaviour",honore,1004.97808,"metrics_output_qwen_qwen3-32b_sanitized_limpo_Identity,_Intent_and_Behaviour_1.json"
qwen3-32b,"Identity,_Intent_and_Behaviour",ttr,0.76312,"metrics_output_qwen_qwen3-32b_sanitized_limpo_Identity,_Intent_and_Behaviour_1.json"
qwen3-32b,"Identity,_Intent_and_Behaviour",gunning_fox,22.3,"metrics_output_qwen_qwen3-32b_sanitized_limpo_Identity,_Intent_and_Behaviour_1.json"
qwen3-32b,"Identity,_Intent_and_Behaviour",flesch,44.60411,"metrics_output_qwen_qwen3-32b_sanitized_limpo_Identity,_Intent_and_Behaviour_2.json"
qwen3-32b,"Identity,_Intent_and_Behaviour",sentences_per_paragraph,1.24,"metrics_output_qwen_qwen3-32b_sanitized_limpo_Identity,_Intent_and_Behaviour_2.json"
qwen3-32b,"Identity,_Intent_and_Behaviour",syllables_per_content_word,2.70103,"metrics_output_qwen_qwen3-32b_sanitized_limpo_Identity,_Intent_and_Behaviour_2.json"
qwen3-32b,"Identity,_Intent_and_Behaviour",words_per_sentence,13.32258,"metrics_output_qwen_qwen3-32b_sanitized_limpo_Identity,_Intent_and_Behaviour_2.json"
qwen3-32b,"Identity,_Intent_and_Behaviour",noun_ratio,0.54722,"metrics_output_qwen_qwen3-32b_sanitized_limpo_Identity,_Intent_and_Behaviour_2.json"
qwen3-32b,"Identity,_Intent_and_Behaviour",cw_freq_brwac,3.00952,"metrics_output_qwen_qwen3-32b_sanitized_limpo_Identity,_Intent_and_Behaviour_2.json"
qwen3-32b,"Identity,_Intent_and_Behaviour",brunet,11.34203,"metrics_output_qwen_qwen3-32b_sanitized_limpo_Identity,_Intent_and_Behaviour_2.json"
qwen3-32b,"Identity,_Intent_and_Behaviour",honore,1037.94147,"metrics_output_qwen_qwen3-32b_sanitized_limpo_Identity,_Intent_and_Behaviour_2.json"
qwen3-32b,"Identity,_Intent_and_Behaviour",ttr,0.75771,"metrics_output_qwen_qwen3-32b_sanitized_limpo_Identity,_Intent_and_Behaviour_2.json"
qwen3-32b,"Identity,_Intent_and_Behaviour",gunning_fox,21.60022,"metrics_output_qwen_qwen3-32b_sanitized_limpo_Identity,_Intent_and_Behaviour_2.json"
qwen3-32b,"Identity,_Intent_and_Behaviour",flesch,43.13436,"metrics_output_qwen_qwen3-32b_sanitized_limpo_Identity,_Intent_and_Behaviour_3.json"
qwen3-32b,"Identity,_Intent_and_Behaviour",sentences_per_paragraph,1.34091,"metrics_output_qwen_qwen3-32b_sanitized_limpo_Identity,_Intent_and_Behaviour_3.json"
qwen3-32b,"Identity,_Intent_and_Behaviour",syllables_per_content_word,2.84158,"metrics_output_qwen_qwen3-32b_sanitized_limpo_Identity,_Intent_and_Behaviour_3.json"
qwen3-32b,"Identity,_Intent_and_Behaviour",words_per_sentence,9.9322,"metrics_output_qwen_qwen3-32b_sanitized_limpo_Identity,_Intent_and_Behaviour_3.json"
qwen3-32b,"Identity,_Intent_and_Behaviour",noun_ratio,0.5256,"metrics_output_qwen_qwen3-32b_sanitized_limpo_Identity,_Intent_and_Behaviour_3.json"
qwen3-32b,"Identity,_Intent_and_Behaviour",cw_freq_brwac,3.14641,"metrics_output_qwen_qwen3-32b_sanitized_limpo_Identity,_Intent_and_Behaviour_3.json"
qwen3-32b,"Identity,_Intent_and_Behaviour",brunet,11.95764,"metrics_output_qwen_qwen3-32b_sanitized_limpo_Identity,_Intent_and_Behaviour_3.json"
qwen3-32b,"Identity,_Intent_and_Behaviour",honore,1065.11503,"metrics_output_qwen_qwen3-32b_sanitized_limpo_Identity,_Intent_and_Behaviour_3.json"
qwen3-32b,"Identity,_Intent_and_Behaviour",ttr,0.72661,"metrics_output_qwen_qwen3-32b_sanitized_limpo_Identity,_Intent_and_Behaviour_3.json"
qwen3-32b,"Identity,_Intent_and_Behaviour",gunning_fox,20.76469,"metrics_output_qwen_qwen3-32b_sanitized_limpo_Identity,_Intent_and_Behaviour_3.json"
qwen3-32b,"Identity,_Intent_and_Behaviour",flesch,39.08315,"metrics_output_qwen_qwen3-32b_sanitized_limpo_Identity,_Intent_and_Behaviour_4.json"
qwen3-32b,"Identity,_Intent_and_Behaviour",sentences_per_paragraph,1.125,"metrics_output_qwen_qwen3-32b_sanitized_limpo_Identity,_Intent_and_Behaviour_4.json"
qwen3-32b,"Identity,_Intent_and_Behaviour",syllables_per_content_word,2.80368,"metrics_output_qwen_qwen3-32b_sanitized_limpo_Identity,_Intent_and_Behaviour_4.json"
qwen3-32b,"Identity,_Intent_and_Behaviour",words_per_sentence,13.11111,"metrics_output_qwen_qwen3-32b_sanitized_limpo_Identity,_Intent_and_Behaviour_4.json"
qwen3-32b,"Identity,_Intent_and_Behaviour",noun_ratio,0.47458,"metrics_output_qwen_qwen3-32b_sanitized_limpo_Identity,_Intent_and_Behaviour_4.json"
qwen3-32b,"Identity,_Intent_and_Behaviour",cw_freq_brwac,3.53593,"metrics_output_qwen_qwen3-32b_sanitized_limpo_Identity,_Intent_and_Behaviour_4.json"
qwen3-32b,"Identity,_Intent_and_Behaviour",brunet,10.69567,"metrics_output_qwen_qwen3-32b_sanitized_limpo_Identity,_Intent_and_Behaviour_4.json"
qwen3-32b,"Identity,_Intent_and_Behaviour",honore,961.33358,"metrics_output_qwen_qwen3-32b_sanitized_limpo_Identity,_Intent_and_Behaviour_4.json"
qwen3-32b,"Identity,_Intent_and_Behaviour",ttr,0.77861,"metrics_output_qwen_qwen3-32b_sanitized_limpo_Identity,_Intent_and_Behaviour_4.json"
qwen3-32b,"Identity,_Intent_and_Behaviour",gunning_fox,21.17665,"metrics_output_qwen_qwen3-32b_sanitized_limpo_Identity,_Intent_and_Behaviour_4.json"
qwen3-32b,"Identity,_Intent_and_Behaviour",flesch,54.67695,"metrics_output_qwen_qwen3-32b_sanitized_limpo_Identity,_Intent_and_Behaviour_5.json"
qwen3-32b,"Identity,_Intent_and_Behaviour",sentences_per_paragraph,2.06667,"metrics_output_qwen_qwen3-32b_sanitized_limpo_Identity,_Intent_and_Behaviour_5.json"
qwen3-32b,"Identity,_Intent_and_Behaviour",syllables_per_content_word,2.66667,"metrics_output_qwen_qwen3-32b_sanitized_limpo_Identity,_Intent_and_Behaviour_5.json"
qwen3-32b,"Identity,_Intent_and_Behaviour",words_per_sentence,10.48387,"metrics_output_qwen_qwen3-32b_sanitized_limpo_Identity,_Intent_and_Behaviour_5.json"
qwen3-32b,"Identity,_Intent_and_Behaviour",noun_ratio,0.41231,"metrics_output_qwen_qwen3-32b_sanitized_limpo_Identity,_Intent_and_Behaviour_5.json"
qwen3-32b,"Identity,_Intent_and_Behaviour",cw_freq_brwac,3.85613,"metrics_output_qwen_qwen3-32b_sanitized_limpo_Identity,_Intent_and_Behaviour_5.json"
qwen3-32b,"Identity,_Intent_and_Behaviour",brunet,11.86667,"metrics_output_qwen_qwen3-32b_sanitized_limpo_Identity,_Intent_and_Behaviour_5.json"
qwen3-32b,"Identity,_Intent_and_Behaviour",honore,881.72232,"metrics_output_qwen_qwen3-32b_sanitized_limpo_Identity,_Intent_and_Behaviour_5.json"
qwen3-32b,"Identity,_Intent_and_Behaviour",ttr,0.70292,"metrics_output_qwen_qwen3-32b_sanitized_limpo_Identity,_Intent_and_Behaviour_5.json"
qwen3-32b,"Identity,_Intent_and_Behaviour",gunning_fox,18.59355,"metrics_output_qwen_qwen3-32b_sanitized_limpo_Identity,_Intent_and_Behaviour_5.json"
qwen3-32b,"Identity,_Intent_and_Behaviour",flesch,40.36849,"metrics_output_qwen_qwen3-32b_sanitized_limpo_Identity,_Intent_and_Behaviour_6.json"
qwen3-32b,"Identity,_Intent_and_Behaviour",sentences_per_paragraph,1.05814,"metrics_output_qwen_qwen3-32b_sanitized_limpo_Identity,_Intent_and_Behaviour_6.json"
qwen3-32b,"Identity,_Intent_and_Behaviour",syllables_per_content_word,2.76866,"metrics_output_qwen_qwen3-32b_sanitized_limpo_Identity,_Intent_and_Behaviour_6.json"
qwen3-32b,"Identity,_Intent_and_Behaviour",words_per_sentence,8.12088,"metrics_output_qwen_qwen3-32b_sanitized_limpo_Identity,_Intent_and_Behaviour_6.json"
qwen3-32b,"Identity,_Intent_and_Behaviour",noun_ratio,0.4682,"metrics_output_qwen_qwen3-32b_sanitized_limpo_Identity,_Intent_and_Behaviour_6.json"
qwen3-32b,"Identity,_Intent_and_Behaviour",cw_freq_brwac,3.77605,"metrics_output_qwen_qwen3-32b_sanitized_limpo_Identity,_Intent_and_Behaviour_6.json"
qwen3-32b,"Identity,_Intent_and_Behaviour",brunet,13.66153,"metrics_output_qwen_qwen3-32b_sanitized_limpo_Identity,_Intent_and_Behaviour_6.json"
qwen3-32b,"Identity,_Intent_and_Behaviour",honore,674.25403,"metrics_output_qwen_qwen3-32b_sanitized_limpo_Identity,_Intent_and_Behaviour_6.json"
qwen3-32b,"Identity,_Intent_and_Behaviour",ttr,0.70616,"metrics_output_qwen_qwen3-32b_sanitized_limpo_Identity,_Intent_and_Behaviour_6.json"
qwen3-32b,"Identity,_Intent_and_Behaviour",gunning_fox,19.21588,"metrics_output_qwen_qwen3-32b_sanitized_limpo_Identity,_Intent_and_Behaviour_6.json"
qwen3-32b,"Identity,_Intent_and_Behaviour",flesch,43.46103,"metrics_output_qwen_qwen3-32b_sanitized_limpo_Identity,_Intent_and_Behaviour_7.json"
qwen3-32b,"Identity,_Intent_and_Behaviour",sentences_per_paragraph,1.8,"metrics_output_qwen_qwen3-32b_sanitized_limpo_Identity,_Intent_and_Behaviour_7.json"
qwen3-32b,"Identity,_Intent_and_Behaviour",syllables_per_content_word,2.69501,"metrics_output_qwen_qwen3-32b_sanitized_limpo_Identity,_Intent_and_Behaviour_7.json"
qwen3-32b,"Identity,_Intent_and_Behaviour",words_per_sentence,10.31111,"metrics_output_qwen_qwen3-32b_sanitized_limpo_Identity,_Intent_and_Behaviour_7.json"
qwen3-32b,"Identity,_Intent_and_Behaviour",noun_ratio,0.43534,"metrics_output_qwen_qwen3-32b_sanitized_limpo_Identity,_Intent_and_Behaviour_7.json"
qwen3-32b,"Identity,_Intent_and_Behaviour",cw_freq_brwac,3.77124,"metrics_output_qwen_qwen3-32b_sanitized_limpo_Identity,_Intent_and_Behaviour_7.json"
qwen3-32b,"Identity,_Intent_and_Behaviour",brunet,12.13351,"metrics_output_qwen_qwen3-32b_sanitized_limpo_Identity,_Intent_and_Behaviour_7.json"
qwen3-32b,"Identity,_Intent_and_Behaviour",honore,854.74686,"metrics_output_qwen_qwen3-32b_sanitized_limpo_Identity,_Intent_and_Behaviour_7.json"
qwen3-32b,"Identity,_Intent_and_Behaviour",ttr,0.73792,"metrics_output_qwen_qwen3-32b_sanitized_limpo_Identity,_Intent_and_Behaviour_7.json"
qwen3-32b,"Identity,_Intent_and_Behaviour",gunning_fox,19.21065,"metrics_output_qwen_qwen3-32b_sanitized_limpo_Identity,_Intent_and_Behaviour_7.json"
qwen3-32b,"Identity,_Intent_and_Behaviour",flesch,68.26761,"metrics_output_qwen_qwen3-32b_sanitized_limpo_Identity,_Intent_and_Behaviour_8.json"
qwen3-32b,"Identity,_Intent_and_Behaviour",sentences_per_paragraph,1.72727,"metrics_output_qwen_qwen3-32b_sanitized_limpo_Identity,_Intent_and_Behaviour_8.json"
qwen3-32b,"Identity,_Intent_and_Behaviour",syllables_per_content_word,2.45299,"metrics_output_qwen_qwen3-32b_sanitized_limpo_Identity,_Intent_and_Behaviour_8.json"
qwen3-32b,"Identity,_Intent_and_Behaviour",words_per_sentence,9.31579,"metrics_output_qwen_qwen3-32b_sanitized_limpo_Identity,_Intent_and_Behaviour_8.json"
qwen3-32b,"Identity,_Intent_and_Behaviour",noun_ratio,0.42938,"metrics_output_qwen_qwen3-32b_sanitized_limpo_Identity,_Intent_and_Behaviour_8.json"
qwen3-32b,"Identity,_Intent_and_Behaviour",cw_freq_brwac,3.51071,"metrics_output_qwen_qwen3-32b_sanitized_limpo_Identity,_Intent_and_Behaviour_8.json"
qwen3-32b,"Identity,_Intent_and_Behaviour",brunet,10.84052,"metrics_output_qwen_qwen3-32b_sanitized_limpo_Identity,_Intent_and_Behaviour_8.json"
qwen3-32b,"Identity,_Intent_and_Behaviour",honore,797.66793,"metrics_output_qwen_qwen3-32b_sanitized_limpo_Identity,_Intent_and_Behaviour_8.json"
qwen3-32b,"Identity,_Intent_and_Behaviour",ttr,0.65821,"metrics_output_qwen_qwen3-32b_sanitized_limpo_Identity,_Intent_and_Behaviour_8.json"
qwen3-32b,"Identity,_Intent_and_Behaviour",gunning_fox,14.79976,"metrics_output_qwen_qwen3-32b_sanitized_limpo_Identity,_Intent_and_Behaviour_8.json"
qwen3-32b,"Identity,_Intent_and_Behaviour",flesch,48.31236,"metrics_output_qwen_qwen3-32b_sanitized_limpo_Identity,_Intent_and_Behaviour_9.json"
qwen3-32b,"Identity,_Intent_and_Behaviour",sentences_per_paragraph,1.65217,"metrics_output_qwen_qwen3-32b_sanitized_limpo_Identity,_Intent_and_Behaviour_9.json"
qwen3-32b,"Identity,_Intent_and_Behaviour",syllables_per_content_word,2.70538,"metrics_output_qwen_qwen3-32b_sanitized_limpo_Identity,_Intent_and_Behaviour_9.json"
qwen3-32b,"Identity,_Intent_and_Behaviour",words_per_sentence,6.35526,"metrics_output_qwen_qwen3-32b_sanitized_limpo_Identity,_Intent_and_Behaviour_9.json"
qwen3-32b,"Identity,_Intent_and_Behaviour",noun_ratio,0.56108,"metrics_output_qwen_qwen3-32b_sanitized_limpo_Identity,_Intent_and_Behaviour_9.json"
qwen3-32b,"Identity,_Intent_and_Behaviour",cw_freq_brwac,3.17296,"metrics_output_qwen_qwen3-32b_sanitized_limpo_Identity,_Intent_and_Behaviour_9.json"
qwen3-32b,"Identity,_Intent_and_Behaviour",brunet,12.42168,"metrics_output_qwen_qwen3-32b_sanitized_limpo_Identity,_Intent_and_Behaviour_9.json"
qwen3-32b,"Identity,_Intent_and_Behaviour",honore,869.44766,"metrics_output_qwen_qwen3-32b_sanitized_limpo_Identity,_Intent_and_Behaviour_9.json"
qwen3-32b,"Identity,_Intent_and_Behaviour",ttr,0.69872,"metrics_output_qwen_qwen3-32b_sanitized_limpo_Identity,_Intent_and_Behaviour_9.json"
qwen3-32b,"Identity,_Intent_and_Behaviour",gunning_fox,17.7802,"metrics_output_qwen_qwen3-32b_sanitized_limpo_Identity,_Intent_and_Behaviour_9.json"
qwen3-32b,Tree_of_Thought,flesch,49.4748,metrics_output_qwen_qwen3-32b_sanitized_limpo_Tree_of_Thought_0.json
qwen3-32b,Tree_of_Thought,sentences_per_paragraph,1.25,metrics_output_qwen_qwen3-32b_sanitized_limpo_Tree_of_Thought_0.json
qwen3-32b,Tree_of_Thought,syllables_per_content_word,2.71134,metrics_output_qwen_qwen3-32b_sanitized_limpo_Tree_of_Thought_0.json
qwen3-32b,Tree_of_Thought,words_per_sentence,6.7,metrics_output_qwen_qwen3-32b_sanitized_limpo_Tree_of_Thought_0.json
qwen3-32b,Tree_of_Thought,noun_ratio,0.43284,metrics_output_qwen_qwen3-32b_sanitized_limpo_Tree_of_Thought_0.json
qwen3-32b,Tree_of_Thought,cw_freq_brwac,3.85358,metrics_output_qwen_qwen3-32b_sanitized_limpo_Tree_of_Thought_0.json
qwen3-32b,Tree_of_Thought,brunet,10.07808,metrics_output_qwen_qwen3-32b_sanitized_limpo_Tree_of_Thought_0.json
qwen3-32b,Tree_of_Thought,honore,1122.63864,metrics_output_qwen_qwen3-32b_sanitized_limpo_Tree_of_Thought_0.json
qwen3-32b,Tree_of_Thought,ttr,0.78857,metrics_output_qwen_qwen3-32b_sanitized_limpo_Tree_of_Thought_0.json
qwen3-32b,Tree_of_Thought,gunning_fox,17.90388,metrics_output_qwen_qwen3-32b_sanitized_limpo_Tree_of_Thought_0.json
qwen3-32b,Tree_of_Thought,flesch,20.2252,metrics_output_qwen_qwen3-32b_sanitized_limpo_Tree_of_Thought_1.json
qwen3-32b,Tree_of_Thought,sentences_per_paragraph,7.0,metrics_output_qwen_qwen3-32b_sanitized_limpo_Tree_of_Thought_1.json
qwen3-32b,Tree_of_Thought,syllables_per_content_word,3.17722,metrics_output_qwen_qwen3-32b_sanitized_limpo_Tree_of_Thought_1.json
qwen3-32b,Tree_of_Thought,words_per_sentence,17.85714,metrics_output_qwen_qwen3-32b_sanitized_limpo_Tree_of_Thought_1.json
qwen3-32b,Tree_of_Thought,noun_ratio,0.36,metrics_output_qwen_qwen3-32b_sanitized_limpo_Tree_of_Thought_1.json
qwen3-32b,Tree_of_Thought,cw_freq_brwac,4.38842,metrics_output_qwen_qwen3-32b_sanitized_limpo_Tree_of_Thought_1.json
qwen3-32b,Tree_of_Thought,brunet,9.5675,metrics_output_qwen_qwen3-32b_sanitized_limpo_Tree_of_Thought_1.json
qwen3-32b,Tree_of_Thought,honore,1397.94001,metrics_output_qwen_qwen3-32b_sanitized_limpo_Tree_of_Thought_1.json
qwen3-32b,Tree_of_Thought,ttr,0.84923,metrics_output_qwen_qwen3-32b_sanitized_limpo_Tree_of_Thought_1.json
qwen3-32b,Tree_of_Thought,gunning_fox,25.06286,metrics_output_qwen_qwen3-32b_sanitized_limpo_Tree_of_Thought_1.json
qwen3-32b,Tree_of_Thought,flesch,42.33355,metrics_output_qwen_qwen3-32b_sanitized_limpo_Tree_of_Thought_2.json
qwen3-32b,Tree_of_Thought,sentences_per_paragraph,1.3,metrics_output_qwen_qwen3-32b_sanitized_limpo_Tree_of_Thought_2.json
qwen3-32b,Tree_of_Thought,syllables_per_content_word,2.73529,metrics_output_qwen_qwen3-32b_sanitized_limpo_Tree_of_Thought_2.json
qwen3-32b,Tree_of_Thought,words_per_sentence,8.84615,metrics_output_qwen_qwen3-32b_sanitized_limpo_Tree_of_Thought_2.json
qwen3-32b,Tree_of_Thought,noun_ratio,0.55217,metrics_output_qwen_qwen3-32b_sanitized_limpo_Tree_of_Thought_2.json
qwen3-32b,Tree_of_Thought,cw_freq_brwac,3.23251,metrics_output_qwen_qwen3-32b_sanitized_limpo_Tree_of_Thought_2.json
qwen3-32b,Tree_of_Thought,brunet,10.60305,metrics_output_qwen_qwen3-32b_sanitized_limpo_Tree_of_Thought_2.json
qwen3-32b,Tree_of_Thought,honore,1612.13596,metrics_output_qwen_qwen3-32b_sanitized_limpo_Tree_of_Thought_2.json
qwen3-32b,Tree_of_Thought,ttr,0.75786,metrics_output_qwen_qwen3-32b_sanitized_limpo_Tree_of_Thought_2.json
qwen3-32b,Tree_of_Thought,gunning_fox,20.92977,metrics_output_qwen_qwen3-32b_sanitized_limpo_Tree_of_Thought_2.json
qwen3-32b,Tree_of_Thought,flesch,30.88302,metrics_output_qwen_qwen3-32b_sanitized_limpo_Tree_of_Thought_3.json
qwen3-32b,Tree_of_Thought,sentences_per_paragraph,3.0,metrics_output_qwen_qwen3-32b_sanitized_limpo_Tree_of_Thought_3.json
qwen3-32b,Tree_of_Thought,syllables_per_content_word,2.91525,metrics_output_qwen_qwen3-32b_sanitized_limpo_Tree_of_Thought_3.json
qwen3-32b,Tree_of_Thought,words_per_sentence,14.5,metrics_output_qwen_qwen3-32b_sanitized_limpo_Tree_of_Thought_3.json
qwen3-32b,Tree_of_Thought,noun_ratio,0.49425,metrics_output_qwen_qwen3-32b_sanitized_limpo_Tree_of_Thought_3.json
qwen3-32b,Tree_of_Thought,cw_freq_brwac,3.35171,metrics_output_qwen_qwen3-32b_sanitized_limpo_Tree_of_Thought_3.json
qwen3-32b,Tree_of_Thought,brunet,9.36611,metrics_output_qwen_qwen3-32b_sanitized_limpo_Tree_of_Thought_3.json
qwen3-32b,Tree_of_Thought,honore,1422.31412,metrics_output_qwen_qwen3-32b_sanitized_limpo_Tree_of_Thought_3.json
qwen3-32b,Tree_of_Thought,ttr,0.75862,metrics_output_qwen_qwen3-32b_sanitized_limpo_Tree_of_Thought_3.json
qwen3-32b,Tree_of_Thought,gunning_fox,21.89195,metrics_output_qwen_qwen3-32b_sanitized_limpo_Tree_of_Thought_3.json
qwen3-32b,Tree_of_Thought,flesch,33.55716,metrics_output_qwen_qwen3-32b_sanitized_limpo_Tree_of_Thought_4.json
qwen3-32b,Tree_of_Thought,sentences_per_paragraph,4.0,metrics_output_qwen_qwen3-32b_sanitized_limpo_Tree_of_Thought_4.json
qwen3-32b,Tree_of_Thought,syllables_per_content_word,2.98667,metrics_output_qwen_qwen3-32b_sanitized_limpo_Tree_of_Thought_4.json
qwen3-32b,Tree_of_Thought,words_per_sentence,14.5,metrics_output_qwen_qwen3-32b_sanitized_limpo_Tree_of_Thought_4.json
qwen3-32b,Tree_of_Thought,noun_ratio,0.43103,metrics_output_qwen_qwen3-32b_sanitized_limpo_Tree_of_Thought_4.json
qwen3-32b,Tree_of_Thought,cw_freq_brwac,3.85437,metrics_output_qwen_qwen3-32b_sanitized_limpo_Tree_of_Thought_4.json
qwen3-32b,Tree_of_Thought,brunet,9.77128,metrics_output_qwen_qwen3-32b_sanitized_limpo_Tree_of_Thought_4.json
qwen3-32b,Tree_of_Thought,honore,1268.16705,metrics_output_qwen_qwen3-32b_sanitized_limpo_Tree_of_Thought_4.json
qwen3-32b,Tree_of_Thought,ttr,0.76235,metrics_output_qwen_qwen3-32b_sanitized_limpo_Tree_of_Thought_4.json
qwen3-32b,Tree_of_Thought,gunning_fox,23.38621,metrics_output_qwen_qwen3-32b_sanitized_limpo_Tree_of_Thought_4.json
qwen3-32b,Tree_of_Thought,flesch,41.93694,metrics_output_qwen_qwen3-32b_sanitized_limpo_Tree_of_Thought_5.json
qwen3-32b,Tree_of_Thought,sentences_per_paragraph,1.66667,metrics_output_qwen_qwen3-32b_sanitized_limpo_Tree_of_Thought_5.json
qwen3-32b,Tree_of_Thought,syllables_per_content_word,2.79048,metrics_output_qwen_qwen3-32b_sanitized_limpo_Tree_of_Thought_5.json
qwen3-32b,Tree_of_Thought,words_per_sentence,7.25,metrics_output_qwen_qwen3-32b_sanitized_limpo_Tree_of_Thought_5.json
qwen3-32b,Tree_of_Thought,noun_ratio,0.51724,metrics_output_qwen_qwen3-32b_sanitized_limpo_Tree_of_Thought_5.json
qwen3-32b,Tree_of_Thought,cw_freq_brwac,3.6467,metrics_output_qwen_qwen3-32b_sanitized_limpo_Tree_of_Thought_5.json
qwen3-32b,Tree_of_Thought,brunet,9.95844,metrics_output_qwen_qwen3-32b_sanitized_limpo_Tree_of_Thought_5.json
qwen3-32b,Tree_of_Thought,honore,1556.18496,metrics_output_qwen_qwen3-32b_sanitized_limpo_Tree_of_Thought_5.json
qwen3-32b,Tree_of_Thought,ttr,0.77522,metrics_output_qwen_qwen3-32b_sanitized_limpo_Tree_of_Thought_5.json
qwen3-32b,Tree_of_Thought,gunning_fox,18.9,metrics_output_qwen_qwen3-32b_sanitized_limpo_Tree_of_Thought_5.json
qwen3-32b,Tree_of_Thought,flesch,35.34663,metrics_output_qwen_qwen3-32b_sanitized_limpo_Tree_of_Thought_6.json
qwen3-32b,Tree_of_Thought,sentences_per_paragraph,1.32,metrics_output_qwen_qwen3-32b_sanitized_limpo_Tree_of_Thought_6.json
qwen3-32b,Tree_of_Thought,syllables_per_content_word,2.82022,metrics_output_qwen_qwen3-32b_sanitized_limpo_Tree_of_Thought_6.json
qwen3-32b,Tree_of_Thought,words_per_sentence,7.21212,metrics_output_qwen_qwen3-32b_sanitized_limpo_Tree_of_Thought_6.json
qwen3-32b,Tree_of_Thought,noun_ratio,0.4916,metrics_output_qwen_qwen3-32b_sanitized_limpo_Tree_of_Thought_6.json
qwen3-32b,Tree_of_Thought,cw_freq_brwac,3.53212,metrics_output_qwen_qwen3-32b_sanitized_limpo_Tree_of_Thought_6.json
qwen3-32b,Tree_of_Thought,brunet,11.2933,metrics_output_qwen_qwen3-32b_sanitized_limpo_Tree_of_Thought_6.json
qwen3-32b,Tree_of_Thought,honore,734.09822,metrics_output_qwen_qwen3-32b_sanitized_limpo_Tree_of_Thought_6.json
qwen3-32b,Tree_of_Thought,ttr,0.75899,metrics_output_qwen_qwen3-32b_sanitized_limpo_Tree_of_Thought_6.json
qwen3-32b,Tree_of_Thought,gunning_fox,19.0193,metrics_output_qwen_qwen3-32b_sanitized_limpo_Tree_of_Thought_6.json
qwen3-32b,Tree_of_Thought,flesch,9.46335,metrics_output_qwen_qwen3-32b_sanitized_limpo_Tree_of_Thought_7.json
qwen3-32b,Tree_of_Thought,sentences_per_paragraph,1.66667,metrics_output_qwen_qwen3-32b_sanitized_limpo_Tree_of_Thought_7.json
qwen3-32b,Tree_of_Thought,syllables_per_content_word,3.30645,metrics_output_qwen_qwen3-32b_sanitized_limpo_Tree_of_Thought_7.json
qwen3-32b,Tree_of_Thought,words_per_sentence,18.4,metrics_output_qwen_qwen3-32b_sanitized_limpo_Tree_of_Thought_7.json
qwen3-32b,Tree_of_Thought,noun_ratio,0.34783,metrics_output_qwen_qwen3-32b_sanitized_limpo_Tree_of_Thought_7.json
qwen3-32b,Tree_of_Thought,cw_freq_brwac,4.5166,metrics_output_qwen_qwen3-32b_sanitized_limpo_Tree_of_Thought_7.json
qwen3-32b,Tree_of_Thought,brunet,9.09936,metrics_output_qwen_qwen3-32b_sanitized_limpo_Tree_of_Thought_7.json
qwen3-32b,Tree_of_Thought,honore,1374.65148,metrics_output_qwen_qwen3-32b_sanitized_limpo_Tree_of_Thought_7.json
qwen3-32b,Tree_of_Thought,ttr,0.83696,metrics_output_qwen_qwen3-32b_sanitized_limpo_Tree_of_Thought_7.json
qwen3-32b,Tree_of_Thought,gunning_fox,27.79478,metrics_output_qwen_qwen3-32b_sanitized_limpo_Tree_of_Thought_7.json
qwen3-32b,Tree_of_Thought,flesch,47.68153,metrics_output_qwen_qwen3-32b_sanitized_limpo_Tree_of_Thought_8.json
qwen3-32b,Tree_of_Thought,sentences_per_paragraph,6.0,metrics_output_qwen_qwen3-32b_sanitized_limpo_Tree_of_Thought_8.json
qwen3-32b,Tree_of_Thought,syllables_per_content_word,2.75,metrics_output_qwen_qwen3-32b_sanitized_limpo_Tree_of_Thought_8.json
qwen3-32b,Tree_of_Thought,words_per_sentence,12.33333,metrics_output_qwen_qwen3-32b_sanitized_limpo_Tree_of_Thought_8.json
qwen3-32b,Tree_of_Thought,noun_ratio,0.31081,metrics_output_qwen_qwen3-32b_sanitized_limpo_Tree_of_Thought_8.json
qwen3-32b,Tree_of_Thought,cw_freq_brwac,4.45548,metrics_output_qwen_qwen3-32b_sanitized_limpo_Tree_of_Thought_8.json
qwen3-32b,Tree_of_Thought,brunet,8.68385,metrics_output_qwen_qwen3-32b_sanitized_limpo_Tree_of_Thought_8.json
qwen3-32b,Tree_of_Thought,honore,1735.71517,metrics_output_qwen_qwen3-32b_sanitized_limpo_Tree_of_Thought_8.json
qwen3-32b,Tree_of_Thought,ttr,0.87838,metrics_output_qwen_qwen3-32b_sanitized_limpo_Tree_of_Thought_8.json
qwen3-32b,Tree_of_Thought,gunning_fox,18.98739,metrics_output_qwen_qwen3-32b_sanitized_limpo_Tree_of_Thought_8.json
qwen3-32b,Tree_of_Thought,flesch,35.89833,metrics_output_qwen_qwen3-32b_sanitized_limpo_Tree_of_Thought_9.json
qwen3-32b,Tree_of_Thought,sentences_per_paragraph,1.75,metrics_output_qwen_qwen3-32b_sanitized_limpo_Tree_of_Thought_9.json
qwen3-32b,Tree_of_Thought,syllables_per_content_word,2.87218,metrics_output_qwen_qwen3-32b_sanitized_limpo_Tree_of_Thought_9.json
qwen3-32b,Tree_of_Thought,words_per_sentence,8.95238,metrics_output_qwen_qwen3-32b_sanitized_limpo_Tree_of_Thought_9.json
qwen3-32b,Tree_of_Thought,noun_ratio,0.49468,metrics_output_qwen_qwen3-32b_sanitized_limpo_Tree_of_Thought_9.json
qwen3-32b,Tree_of_Thought,cw_freq_brwac,3.63898,metrics_output_qwen_qwen3-32b_sanitized_limpo_Tree_of_Thought_9.json
qwen3-32b,Tree_of_Thought,brunet,10.46976,metrics_output_qwen_qwen3-32b_sanitized_limpo_Tree_of_Thought_9.json
qwen3-32b,Tree_of_Thought,honore,1222.35984,metrics_output_qwen_qwen3-32b_sanitized_limpo_Tree_of_Thought_9.json
qwen3-32b,Tree_of_Thought,ttr,0.76169,metrics_output_qwen_qwen3-32b_sanitized_limpo_Tree_of_Thought_9.json
qwen3-32b,Tree_of_Thought,gunning_fox,19.75117,metrics_output_qwen_qwen3-32b_sanitized_limpo_Tree_of_Thought_9.json
qwen3-32b,Zero_Shot,flesch,54.44998,metrics_output_qwen_qwen3-32b_sanitized_limpo_Zero-shot_0.json
qwen3-32b,Zero_Shot,sentences_per_paragraph,1.88095,metrics_output_qwen_qwen3-32b_sanitized_limpo_Zero-shot_0.json
qwen3-32b,Zero_Shot,syllables_per_content_word,2.58726,metrics_output_qwen_qwen3-32b_sanitized_limpo_Zero-shot_0.json
qwen3-32b,Zero_Shot,words_per_sentence,6.25316,metrics_output_qwen_qwen3-32b_sanitized_limpo_Zero-shot_0.json
qwen3-32b,Zero_Shot,noun_ratio,0.45547,metrics_output_qwen_qwen3-32b_sanitized_limpo_Zero-shot_0.json
qwen3-32b,Zero_Shot,cw_freq_brwac,4.04652,metrics_output_qwen_qwen3-32b_sanitized_limpo_Zero-shot_0.json
qwen3-32b,Zero_Shot,brunet,11.75302,metrics_output_qwen_qwen3-32b_sanitized_limpo_Zero-shot_0.json
qwen3-32b,Zero_Shot,honore,992.61993,metrics_output_qwen_qwen3-32b_sanitized_limpo_Zero-shot_0.json
qwen3-32b,Zero_Shot,ttr,0.77289,metrics_output_qwen_qwen3-32b_sanitized_limpo_Zero-shot_0.json
qwen3-32b,Zero_Shot,gunning_fox,17.23811,metrics_output_qwen_qwen3-32b_sanitized_limpo_Zero-shot_0.json
qwen3-32b,Zero_Shot,flesch,21.30368,metrics_output_qwen_qwen3-32b_sanitized_limpo_Zero-shot_1.json
qwen3-32b,Zero_Shot,sentences_per_paragraph,2.0,metrics_output_qwen_qwen3-32b_sanitized_limpo_Zero-shot_1.json
qwen3-32b,Zero_Shot,syllables_per_content_word,3.16111,metrics_output_qwen_qwen3-32b_sanitized_limpo_Zero-shot_1.json
qwen3-32b,Zero_Shot,words_per_sentence,17.4375,metrics_output_qwen_qwen3-32b_sanitized_limpo_Zero-shot_1.json
qwen3-32b,Zero_Shot,noun_ratio,0.3405,metrics_output_qwen_qwen3-32b_sanitized_limpo_Zero-shot_1.json
qwen3-32b,Zero_Shot,cw_freq_brwac,4.48719,metrics_output_qwen_qwen3-32b_sanitized_limpo_Zero-shot_1.json
qwen3-32b,Zero_Shot,brunet,11.16868,metrics_output_qwen_qwen3-32b_sanitized_limpo_Zero-shot_1.json
qwen3-32b,Zero_Shot,honore,989.88742,metrics_output_qwen_qwen3-32b_sanitized_limpo_Zero-shot_1.json
qwen3-32b,Zero_Shot,ttr,0.78561,metrics_output_qwen_qwen3-32b_sanitized_limpo_Zero-shot_1.json
qwen3-32b,Zero_Shot,gunning_fox,24.75278,metrics_output_qwen_qwen3-32b_sanitized_limpo_Zero-shot_1.json
qwen3-32b,Zero_Shot,flesch,39.92847,metrics_output_qwen_qwen3-32b_sanitized_limpo_Zero-shot_2.json
qwen3-32b,Zero_Shot,sentences_per_paragraph,1.52941,metrics_output_qwen_qwen3-32b_sanitized_limpo_Zero-shot_2.json
qwen3-32b,Zero_Shot,syllables_per_content_word,2.75502,metrics_output_qwen_qwen3-32b_sanitized_limpo_Zero-shot_2.json
qwen3-32b,Zero_Shot,words_per_sentence,13.26923,metrics_output_qwen_qwen3-32b_sanitized_limpo_Zero-shot_2.json
qwen3-32b,Zero_Shot,noun_ratio,0.56812,metrics_output_qwen_qwen3-32b_sanitized_limpo_Zero-shot_2.json
qwen3-32b,Zero_Shot,cw_freq_brwac,3.19457,metrics_output_qwen_qwen3-32b_sanitized_limpo_Zero-shot_2.json
qwen3-32b,Zero_Shot,brunet,10.75643,metrics_output_qwen_qwen3-32b_sanitized_limpo_Zero-shot_2.json
qwen3-32b,Zero_Shot,honore,1211.9381,metrics_output_qwen_qwen3-32b_sanitized_limpo_Zero-shot_2.json
qwen3-32b,Zero_Shot,ttr,0.8302,metrics_output_qwen_qwen3-32b_sanitized_limpo_Zero-shot_2.json
qwen3-32b,Zero_Shot,gunning_fox,22.699,metrics_output_qwen_qwen3-32b_sanitized_limpo_Zero-shot_2.json
qwen3-32b,Zero_Shot,flesch,27.3375,metrics_output_qwen_qwen3-32b_sanitized_limpo_Zero-shot_3.json
qwen3-32b,Zero_Shot,sentences_per_paragraph,2.8,metrics_output_qwen_qwen3-32b_sanitized_limpo_Zero-shot_3.json
qwen3-32b,Zero_Shot,syllables_per_content_word,3.10884,metrics_output_qwen_qwen3-32b_sanitized_limpo_Zero-shot_3.json
qwen3-32b,Zero_Shot,words_per_sentence,17.14286,metrics_output_qwen_qwen3-32b_sanitized_limpo_Zero-shot_3.json
qwen3-32b,Zero_Shot,noun_ratio,0.36667,metrics_output_qwen_qwen3-32b_sanitized_limpo_Zero-shot_3.json
qwen3-32b,Zero_Shot,cw_freq_brwac,4.17517,metrics_output_qwen_qwen3-32b_sanitized_limpo_Zero-shot_3.json
qwen3-32b,Zero_Shot,brunet,10.80081,metrics_output_qwen_qwen3-32b_sanitized_limpo_Zero-shot_3.json
qwen3-32b,Zero_Shot,honore,1132.40353,metrics_output_qwen_qwen3-32b_sanitized_limpo_Zero-shot_3.json
qwen3-32b,Zero_Shot,ttr,0.75532,metrics_output_qwen_qwen3-32b_sanitized_limpo_Zero-shot_3.json
qwen3-32b,Zero_Shot,gunning_fox,23.69048,metrics_output_qwen_qwen3-32b_sanitized_limpo_Zero-shot_3.json
qwen3-32b,Zero_Shot,flesch,40.42031,metrics_output_qwen_qwen3-32b_sanitized_limpo_Zero-shot_4.json
qwen3-32b,Zero_Shot,sentences_per_paragraph,9.0,metrics_output_qwen_qwen3-32b_sanitized_limpo_Zero-shot_4.json
qwen3-32b,Zero_Shot,syllables_per_content_word,2.67568,metrics_output_qwen_qwen3-32b_sanitized_limpo_Zero-shot_4.json
qwen3-32b,Zero_Shot,words_per_sentence,17.66667,metrics_output_qwen_qwen3-32b_sanitized_limpo_Zero-shot_4.json
qwen3-32b,Zero_Shot,noun_ratio,0.49057,metrics_output_qwen_qwen3-32b_sanitized_limpo_Zero-shot_4.json
qwen3-32b,Zero_Shot,cw_freq_brwac,3.58806,metrics_output_qwen_qwen3-32b_sanitized_limpo_Zero-shot_4.json
qwen3-32b,Zero_Shot,brunet,9.85747,metrics_output_qwen_qwen3-32b_sanitized_limpo_Zero-shot_4.json
qwen3-32b,Zero_Shot,honore,1436.70128,metrics_output_qwen_qwen3-32b_sanitized_limpo_Zero-shot_4.json
qwen3-32b,Zero_Shot,ttr,0.82633,metrics_output_qwen_qwen3-32b_sanitized_limpo_Zero-shot_4.json
qwen3-32b,Zero_Shot,gunning_fox,23.67044,metrics_output_qwen_qwen3-32b_sanitized_limpo_Zero-shot_4.json
qwen3-32b,Zero_Shot,flesch,49.70515,metrics_output_qwen_qwen3-32b_sanitized_limpo_Zero-shot_5.json
qwen3-32b,Zero_Shot,sentences_per_paragraph,12.0,metrics_output_qwen_qwen3-32b_sanitized_limpo_Zero-shot_5.json
qwen3-32b,Zero_Shot,syllables_per_content_word,2.79762,metrics_output_qwen_qwen3-32b_sanitized_limpo_Zero-shot_5.json
qwen3-32b,Zero_Shot,words_per_sentence,10.75,metrics_output_qwen_qwen3-32b_sanitized_limpo_Zero-shot_5.json
qwen3-32b,Zero_Shot,noun_ratio,0.3876,metrics_output_qwen_qwen3-32b_sanitized_limpo_Zero-shot_5.json
qwen3-32b,Zero_Shot,cw_freq_brwac,4.44405,metrics_output_qwen_qwen3-32b_sanitized_limpo_Zero-shot_5.json
qwen3-32b,Zero_Shot,brunet,10.23632,metrics_output_qwen_qwen3-32b_sanitized_limpo_Zero-shot_5.json
qwen3-32b,Zero_Shot,honore,874.38717,metrics_output_qwen_qwen3-32b_sanitized_limpo_Zero-shot_5.json
qwen3-32b,Zero_Shot,ttr,0.70733,metrics_output_qwen_qwen3-32b_sanitized_limpo_Zero-shot_5.json
qwen3-32b,Zero_Shot,gunning_fox,18.56357,metrics_output_qwen_qwen3-32b_sanitized_limpo_Zero-shot_5.json
qwen3-32b,Zero_Shot,flesch,29.30436,metrics_output_qwen_qwen3-32b_sanitized_limpo_Zero-shot_6.json
qwen3-32b,Zero_Shot,sentences_per_paragraph,1.30357,metrics_output_qwen_qwen3-32b_sanitized_limpo_Zero-shot_6.json
qwen3-32b,Zero_Shot,syllables_per_content_word,2.95841,metrics_output_qwen_qwen3-32b_sanitized_limpo_Zero-shot_6.json
qwen3-32b,Zero_Shot,words_per_sentence,10.20548,metrics_output_qwen_qwen3-32b_sanitized_limpo_Zero-shot_6.json
qwen3-32b,Zero_Shot,noun_ratio,0.40134,metrics_output_qwen_qwen3-32b_sanitized_limpo_Zero-shot_6.json
qwen3-32b,Zero_Shot,cw_freq_brwac,4.09896,metrics_output_qwen_qwen3-32b_sanitized_limpo_Zero-shot_6.json
qwen3-32b,Zero_Shot,brunet,12.78035,metrics_output_qwen_qwen3-32b_sanitized_limpo_Zero-shot_6.json
qwen3-32b,Zero_Shot,honore,694.46167,metrics_output_qwen_qwen3-32b_sanitized_limpo_Zero-shot_6.json
qwen3-32b,Zero_Shot,ttr,0.77872,metrics_output_qwen_qwen3-32b_sanitized_limpo_Zero-shot_6.json
qwen3-32b,Zero_Shot,gunning_fox,20.29696,metrics_output_qwen_qwen3-32b_sanitized_limpo_Zero-shot_6.json
qwen3-32b,Zero_Shot,flesch,11.84219,metrics_output_qwen_qwen3-32b_sanitized_limpo_Zero-shot_7.json
qwen3-32b,Zero_Shot,sentences_per_paragraph,1.54545,metrics_output_qwen_qwen3-32b_sanitized_limpo_Zero-shot_7.json
qwen3-32b,Zero_Shot,syllables_per_content_word,3.22609,metrics_output_qwen_qwen3-32b_sanitized_limpo_Zero-shot_7.json
qwen3-32b,Zero_Shot,words_per_sentence,14.67647,metrics_output_qwen_qwen3-32b_sanitized_limpo_Zero-shot_7.json
qwen3-32b,Zero_Shot,noun_ratio,0.30661,metrics_output_qwen_qwen3-32b_sanitized_limpo_Zero-shot_7.json
qwen3-32b,Zero_Shot,cw_freq_brwac,4.64837,metrics_output_qwen_qwen3-32b_sanitized_limpo_Zero-shot_7.json
qwen3-32b,Zero_Shot,brunet,11.78232,metrics_output_qwen_qwen3-32b_sanitized_limpo_Zero-shot_7.json
qwen3-32b,Zero_Shot,honore,877.69536,metrics_output_qwen_qwen3-32b_sanitized_limpo_Zero-shot_7.json
qwen3-32b,Zero_Shot,ttr,0.7768,metrics_output_qwen_qwen3-32b_sanitized_limpo_Zero-shot_7.json
qwen3-32b,Zero_Shot,gunning_fox,24.70826,metrics_output_qwen_qwen3-32b_sanitized_limpo_Zero-shot_7.json
qwen3-32b,Zero_Shot,flesch,49.25602,metrics_output_qwen_qwen3-32b_sanitized_limpo_Zero-shot_8.json
qwen3-32b,Zero_Shot,sentences_per_paragraph,1.28571,metrics_output_qwen_qwen3-32b_sanitized_limpo_Zero-shot_8.json
qwen3-32b,Zero_Shot,syllables_per_content_word,2.6506,metrics_output_qwen_qwen3-32b_sanitized_limpo_Zero-shot_8.json
qwen3-32b,Zero_Shot,words_per_sentence,13.66667,metrics_output_qwen_qwen3-32b_sanitized_limpo_Zero-shot_8.json
qwen3-32b,Zero_Shot,noun_ratio,0.39024,metrics_output_qwen_qwen3-32b_sanitized_limpo_Zero-shot_8.json
qwen3-32b,Zero_Shot,cw_freq_brwac,4.04312,metrics_output_qwen_qwen3-32b_sanitized_limpo_Zero-shot_8.json
qwen3-32b,Zero_Shot,brunet,9.79634,metrics_output_qwen_qwen3-32b_sanitized_limpo_Zero-shot_8.json
qwen3-32b,Zero_Shot,honore,801.13029,metrics_output_qwen_qwen3-32b_sanitized_limpo_Zero-shot_8.json
qwen3-32b,Zero_Shot,ttr,0.76125,metrics_output_qwen_qwen3-32b_sanitized_limpo_Zero-shot_8.json
qwen3-32b,Zero_Shot,gunning_fox,19.77561,metrics_output_qwen_qwen3-32b_sanitized_limpo_Zero-shot_8.json
qwen3-32b,Zero_Shot,flesch,53.24571,metrics_output_qwen_qwen3-32b_sanitized_limpo_Zero-shot_9.json
qwen3-32b,Zero_Shot,sentences_per_paragraph,1.86667,metrics_output_qwen_qwen3-32b_sanitized_limpo_Zero-shot_9.json
qwen3-32b,Zero_Shot,syllables_per_content_word,2.68199,metrics_output_qwen_qwen3-32b_sanitized_limpo_Zero-shot_9.json
qwen3-32b,Zero_Shot,words_per_sentence,6.48214,metrics_output_qwen_qwen3-32b_sanitized_limpo_Zero-shot_9.json
qwen3-32b,Zero_Shot,noun_ratio,0.55096,metrics_output_qwen_qwen3-32b_sanitized_limpo_Zero-shot_9.json
qwen3-32b,Zero_Shot,cw_freq_brwac,3.40715,metrics_output_qwen_qwen3-32b_sanitized_limpo_Zero-shot_9.json
qwen3-32b,Zero_Shot,brunet,11.79027,metrics_output_qwen_qwen3-32b_sanitized_limpo_Zero-shot_9.json
qwen3-32b,Zero_Shot,honore,822.52737,metrics_output_qwen_qwen3-32b_sanitized_limpo_Zero-shot_9.json
qwen3-32b,Zero_Shot,ttr,0.71356,metrics_output_qwen_qwen3-32b_sanitized_limpo_Zero-shot_9.json
qwen3-32b,Zero_Shot,gunning_fox,17.68928,metrics_output_qwen_qwen3-32b_sanitized_limpo_Zero-shot_9.json
sabia1300_1500,Zero_Shot,flesch,120.77012,metrics_output_sabia1300_1500_Zero-shot_0.json
sabia1300_1500,Zero_Shot,sentences_per_paragraph,67.0,metrics_output_sabia1300_1500_Zero-shot_0.json
sabia1300_1500,Zero_Shot,syllables_per_content_word,1.73254,metrics_output_sabia1300_1500_Zero-shot_0.json
sabia1300_1500,Zero_Shot,words_per_sentence,12.41791,metrics_output_sabia1300_1500_Zero-shot_0.json
sabia1300_1500,Zero_Shot,noun_ratio,0.24579,metrics_output_sabia1300_1500_Zero-shot_0.json
sabia1300_1500,Zero_Shot,cw_freq_brwac,4.28969,metrics_output_sabia1300_1500_Zero-shot_0.json
sabia1300_1500,Zero_Shot,brunet,25.47246,metrics_output_sabia1300_1500_Zero-shot_0.json
sabia1300_1500,Zero_Shot,honore,504.75805,metrics_output_sabia1300_1500_Zero-shot_0.json
sabia1300_1500,Zero_Shot,ttr,0.18164,metrics_output_sabia1300_1500_Zero-shot_0.json
sabia1300_1500,Zero_Shot,gunning_fox,9.17389,metrics_output_sabia1300_1500_Zero-shot_0.json
sabia1300_1500,Zero_Shot,flesch,-378.34724,metrics_output_sabia1300_1500_Zero-shot_1.json
sabia1300_1500,Zero_Shot,sentences_per_paragraph,1.0,metrics_output_sabia1300_1500_Zero-shot_1.json
sabia1300_1500,Zero_Shot,syllables_per_content_word,1.12987,metrics_output_sabia1300_1500_Zero-shot_1.json
sabia1300_1500,Zero_Shot,words_per_sentence,533.0,metrics_output_sabia1300_1500_Zero-shot_1.json
sabia1300_1500,Zero_Shot,noun_ratio,0.11632,metrics_output_sabia1300_1500_Zero-shot_1.json
sabia1300_1500,Zero_Shot,cw_freq_brwac,2.77275,metrics_output_sabia1300_1500_Zero-shot_1.json
sabia1300_1500,Zero_Shot,brunet,86.056,metrics_output_sabia1300_1500_Zero-shot_1.json
sabia1300_1500,Zero_Shot,honore,311.62597,metrics_output_sabia1300_1500_Zero-shot_1.json
sabia1300_1500,Zero_Shot,ttr,0.04189,metrics_output_sabia1300_1500_Zero-shot_1.json
sabia1300_1500,Zero_Shot,gunning_fox,213.2,metrics_output_sabia1300_1500_Zero-shot_1.json
sabia1300_1500,Zero_Shot,flesch,-137.22,metrics_output_sabia1300_1500_Zero-shot_2.json
sabia1300_1500,Zero_Shot,sentences_per_paragraph,2.0,metrics_output_sabia1300_1500_Zero-shot_2.json
sabia1300_1500,Zero_Shot,syllables_per_content_word,1.0,metrics_output_sabia1300_1500_Zero-shot_2.json
sabia1300_1500,Zero_Shot,words_per_sentence,297.0,metrics_output_sabia1300_1500_Zero-shot_2.json
sabia1300_1500,Zero_Shot,noun_ratio,0.08249,metrics_output_sabia1300_1500_Zero-shot_2.json
sabia1300_1500,Zero_Shot,cw_freq_brwac,4.31731,metrics_output_sabia1300_1500_Zero-shot_2.json
sabia1300_1500,Zero_Shot,brunet,85.17105,metrics_output_sabia1300_1500_Zero-shot_2.json
sabia1300_1500,Zero_Shot,honore,312.05098,metrics_output_sabia1300_1500_Zero-shot_2.json
sabia1300_1500,Zero_Shot,ttr,0.04836,metrics_output_sabia1300_1500_Zero-shot_2.json
sabia1300_1500,Zero_Shot,gunning_fox,118.8,metrics_output_sabia1300_1500_Zero-shot_2.json
sabia1300_1500,Zero_Shot,flesch,-683.29,metrics_output_sabia1300_1500_Zero-shot_3.json
sabia1300_1500,Zero_Shot,sentences_per_paragraph,1.0,metrics_output_sabia1300_1500_Zero-shot_3.json
sabia1300_1500,Zero_Shot,syllables_per_content_word,1.0,metrics_output_sabia1300_1500_Zero-shot_3.json
sabia1300_1500,Zero_Shot,words_per_sentence,835.0,metrics_output_sabia1300_1500_Zero-shot_3.json
sabia1300_1500,Zero_Shot,noun_ratio,0.22395,metrics_output_sabia1300_1500_Zero-shot_3.json
sabia1300_1500,Zero_Shot,cw_freq_brwac,3.69536,metrics_output_sabia1300_1500_Zero-shot_3.json
sabia1300_1500,Zero_Shot,brunet,107.94844,metrics_output_sabia1300_1500_Zero-shot_3.json
sabia1300_1500,Zero_Shot,honore,375.6454,metrics_output_sabia1300_1500_Zero-shot_3.json
sabia1300_1500,Zero_Shot,ttr,0.04734,metrics_output_sabia1300_1500_Zero-shot_3.json
sabia1300_1500,Zero_Shot,gunning_fox,334.0,metrics_output_sabia1300_1500_Zero-shot_3.json
sabia1300_1500,Zero_Shot,flesch,111.25026,metrics_output_sabia1300_1500_Zero-shot_4.json
sabia1300_1500,Zero_Shot,sentences_per_paragraph,1.72549,metrics_output_sabia1300_1500_Zero-shot_4.json
sabia1300_1500,Zero_Shot,syllables_per_content_word,2.23669,metrics_output_sabia1300_1500_Zero-shot_4.json
sabia1300_1500,Zero_Shot,words_per_sentence,18.23864,metrics_output_sabia1300_1500_Zero-shot_4.json
sabia1300_1500,Zero_Shot,noun_ratio,0.21308,metrics_output_sabia1300_1500_Zero-shot_4.json
sabia1300_1500,Zero_Shot,cw_freq_brwac,3.38466,metrics_output_sabia1300_1500_Zero-shot_4.json
sabia1300_1500,Zero_Shot,brunet,39.96987,metrics_output_sabia1300_1500_Zero-shot_4.json
sabia1300_1500,Zero_Shot,honore,456.9507,metrics_output_sabia1300_1500_Zero-shot_4.json
sabia1300_1500,Zero_Shot,ttr,0.15331,metrics_output_sabia1300_1500_Zero-shot_4.json
sabia1300_1500,Zero_Shot,gunning_fox,12.05558,metrics_output_sabia1300_1500_Zero-shot_4.json
sabia1300_1500,Zero_Shot,flesch,102.41846,metrics_output_sabia1300_1500_Zero-shot_5.json
sabia1300_1500,Zero_Shot,sentences_per_paragraph,1.0,metrics_output_sabia1300_1500_Zero-shot_5.json
sabia1300_1500,Zero_Shot,syllables_per_content_word,1.65084,metrics_output_sabia1300_1500_Zero-shot_5.json
sabia1300_1500,Zero_Shot,words_per_sentence,35.26087,metrics_output_sabia1300_1500_Zero-shot_5.json
sabia1300_1500,Zero_Shot,noun_ratio,0.23058,metrics_output_sabia1300_1500_Zero-shot_5.json
sabia1300_1500,Zero_Shot,cw_freq_brwac,4.15909,metrics_output_sabia1300_1500_Zero-shot_5.json
sabia1300_1500,Zero_Shot,brunet,47.63076,metrics_output_sabia1300_1500_Zero-shot_5.json
sabia1300_1500,Zero_Shot,honore,496.09877,metrics_output_sabia1300_1500_Zero-shot_5.json
sabia1300_1500,Zero_Shot,ttr,0.09369,metrics_output_sabia1300_1500_Zero-shot_5.json
sabia1300_1500,Zero_Shot,gunning_fox,17.53221,metrics_output_sabia1300_1500_Zero-shot_5.json
sabia1300_1500,Zero_Shot,flesch,-344.02777,metrics_output_sabia1300_1500_Zero-shot_6.json
sabia1300_1500,Zero_Shot,sentences_per_paragraph,2.0,metrics_output_sabia1300_1500_Zero-shot_6.json
sabia1300_1500,Zero_Shot,syllables_per_content_word,1.03846,metrics_output_sabia1300_1500_Zero-shot_6.json
sabia1300_1500,Zero_Shot,words_per_sentence,499.5,metrics_output_sabia1300_1500_Zero-shot_6.json
sabia1300_1500,Zero_Shot,noun_ratio,0.24625,metrics_output_sabia1300_1500_Zero-shot_6.json
sabia1300_1500,Zero_Shot,cw_freq_brwac,2.99731,metrics_output_sabia1300_1500_Zero-shot_6.json
sabia1300_1500,Zero_Shot,brunet,67.56719,metrics_output_sabia1300_1500_Zero-shot_6.json
sabia1300_1500,Zero_Shot,honore,428.50936,metrics_output_sabia1300_1500_Zero-shot_6.json
sabia1300_1500,Zero_Shot,ttr,0.06836,metrics_output_sabia1300_1500_Zero-shot_6.json
sabia1300_1500,Zero_Shot,gunning_fox,199.8,metrics_output_sabia1300_1500_Zero-shot_6.json
sabia1300_1500,Zero_Shot,flesch,-620.90722,metrics_output_sabia1300_1500_Zero-shot_7.json
sabia1300_1500,Zero_Shot,sentences_per_paragraph,1.0,metrics_output_sabia1300_1500_Zero-shot_7.json
sabia1300_1500,Zero_Shot,syllables_per_content_word,1.02101,metrics_output_sabia1300_1500_Zero-shot_7.json
sabia1300_1500,Zero_Shot,words_per_sentence,773.0,metrics_output_sabia1300_1500_Zero-shot_7.json
sabia1300_1500,Zero_Shot,noun_ratio,0.17206,metrics_output_sabia1300_1500_Zero-shot_7.json
sabia1300_1500,Zero_Shot,cw_freq_brwac,3.09935,metrics_output_sabia1300_1500_Zero-shot_7.json
sabia1300_1500,Zero_Shot,brunet,55.9325,metrics_output_sabia1300_1500_Zero-shot_7.json
sabia1300_1500,Zero_Shot,honore,404.34513,metrics_output_sabia1300_1500_Zero-shot_7.json
sabia1300_1500,Zero_Shot,ttr,0.072,metrics_output_sabia1300_1500_Zero-shot_7.json
sabia1300_1500,Zero_Shot,gunning_fox,309.2,metrics_output_sabia1300_1500_Zero-shot_7.json
sabia1300_1500,Zero_Shot,flesch,95.57561,metrics_output_sabia1300_1500_Zero-shot_8.json
sabia1300_1500,Zero_Shot,sentences_per_paragraph,1.1129,metrics_output_sabia1300_1500_Zero-shot_8.json
sabia1300_1500,Zero_Shot,syllables_per_content_word,2.30525,metrics_output_sabia1300_1500_Zero-shot_8.json
sabia1300_1500,Zero_Shot,words_per_sentence,11.71739,metrics_output_sabia1300_1500_Zero-shot_8.json
sabia1300_1500,Zero_Shot,noun_ratio,0.43723,metrics_output_sabia1300_1500_Zero-shot_8.json
sabia1300_1500,Zero_Shot,cw_freq_brwac,2.80343,metrics_output_sabia1300_1500_Zero-shot_8.json
sabia1300_1500,Zero_Shot,brunet,23.22134,metrics_output_sabia1300_1500_Zero-shot_8.json
sabia1300_1500,Zero_Shot,honore,847.67414,metrics_output_sabia1300_1500_Zero-shot_8.json
sabia1300_1500,Zero_Shot,ttr,0.20835,metrics_output_sabia1300_1500_Zero-shot_8.json
sabia1300_1500,Zero_Shot,gunning_fox,13.24602,metrics_output_sabia1300_1500_Zero-shot_8.json
sabia1300_1500,Zero_Shot,flesch,134.99227,metrics_output_sabia1300_1500_Zero-shot_9.json
sabia1300_1500,Zero_Shot,sentences_per_paragraph,1.0,metrics_output_sabia1300_1500_Zero-shot_9.json
sabia1300_1500,Zero_Shot,syllables_per_content_word,1.14236,metrics_output_sabia1300_1500_Zero-shot_9.json
sabia1300_1500,Zero_Shot,words_per_sentence,26.14286,metrics_output_sabia1300_1500_Zero-shot_9.json
sabia1300_1500,Zero_Shot,noun_ratio,0.17955,metrics_output_sabia1300_1500_Zero-shot_9.json
sabia1300_1500,Zero_Shot,cw_freq_brwac,2.0245,metrics_output_sabia1300_1500_Zero-shot_9.json
sabia1300_1500,Zero_Shot,brunet,65.35755,metrics_output_sabia1300_1500_Zero-shot_9.json
sabia1300_1500,Zero_Shot,honore,621.50983,metrics_output_sabia1300_1500_Zero-shot_9.json
sabia1300_1500,Zero_Shot,ttr,0.05127,metrics_output_sabia1300_1500_Zero-shot_9.json
sabia1300_1500,Zero_Shot,gunning_fox,10.83185,metrics_output_sabia1300_1500_Zero-shot_9.json
sabia_web,Zero_Shot,flesch,48.57347,metrics_output_sabia_web_Zero-shot_0.json
sabia_web,Zero_Shot,sentences_per_paragraph,1.24242,metrics_output_sabia_web_Zero-shot_0.json
sabia_web,Zero_Shot,syllables_per_content_word,2.78834,metrics_output_sabia_web_Zero-shot_0.json
sabia_web,Zero_Shot,words_per_sentence,12.39024,metrics_output_sabia_web_Zero-shot_0.json
sabia_web,Zero_Shot,noun_ratio,0.36811,metrics_output_sabia_web_Zero-shot_0.json
sabia_web,Zero_Shot,cw_freq_brwac,4.55282,metrics_output_sabia_web_Zero-shot_0.json
sabia_web,Zero_Shot,brunet,12.18717,metrics_output_sabia_web_Zero-shot_0.json
sabia_web,Zero_Shot,honore,900.76779,metrics_output_sabia_web_Zero-shot_0.json
sabia_web,Zero_Shot,ttr,0.73174,metrics_output_sabia_web_Zero-shot_0.json
sabia_web,Zero_Shot,gunning_fox,19.60177,metrics_output_sabia_web_Zero-shot_0.json
sabia_web,Zero_Shot,flesch,26.96409,metrics_output_sabia_web_Zero-shot_1.json
sabia_web,Zero_Shot,sentences_per_paragraph,3.6,metrics_output_sabia_web_Zero-shot_1.json
sabia_web,Zero_Shot,syllables_per_content_word,3.1777,metrics_output_sabia_web_Zero-shot_1.json
sabia_web,Zero_Shot,words_per_sentence,12.52778,metrics_output_sabia_web_Zero-shot_1.json
sabia_web,Zero_Shot,noun_ratio,0.39246,metrics_output_sabia_web_Zero-shot_1.json
sabia_web,Zero_Shot,cw_freq_brwac,4.17555,metrics_output_sabia_web_Zero-shot_1.json
sabia_web,Zero_Shot,brunet,11.7324,metrics_output_sabia_web_Zero-shot_1.json
sabia_web,Zero_Shot,honore,840.48924,metrics_output_sabia_web_Zero-shot_1.json
sabia_web,Zero_Shot,ttr,0.76619,metrics_output_sabia_web_Zero-shot_1.json
sabia_web,Zero_Shot,gunning_fox,22.30601,metrics_output_sabia_web_Zero-shot_1.json
sabia_web,Zero_Shot,flesch,29.79823,metrics_output_sabia_web_Zero-shot_2.json
sabia_web,Zero_Shot,sentences_per_paragraph,3.5,metrics_output_sabia_web_Zero-shot_2.json
sabia_web,Zero_Shot,syllables_per_content_word,3.08795,metrics_output_sabia_web_Zero-shot_2.json
sabia_web,Zero_Shot,words_per_sentence,13.62857,metrics_output_sabia_web_Zero-shot_2.json
sabia_web,Zero_Shot,noun_ratio,0.413,metrics_output_sabia_web_Zero-shot_2.json
sabia_web,Zero_Shot,cw_freq_brwac,4.00378,metrics_output_sabia_web_Zero-shot_2.json
sabia_web,Zero_Shot,brunet,11.60811,metrics_output_sabia_web_Zero-shot_2.json
sabia_web,Zero_Shot,honore,957.1239,metrics_output_sabia_web_Zero-shot_2.json
sabia_web,Zero_Shot,ttr,0.78349,metrics_output_sabia_web_Zero-shot_2.json
sabia_web,Zero_Shot,gunning_fox,23.56464,metrics_output_sabia_web_Zero-shot_2.json
sabia_web,Zero_Shot,flesch,32.40891,metrics_output_sabia_web_Zero-shot_3.json
sabia_web,Zero_Shot,sentences_per_paragraph,3.54545,metrics_output_sabia_web_Zero-shot_3.json
sabia_web,Zero_Shot,syllables_per_content_word,3.07775,metrics_output_sabia_web_Zero-shot_3.json
sabia_web,Zero_Shot,words_per_sentence,15.35897,metrics_output_sabia_web_Zero-shot_3.json
sabia_web,Zero_Shot,noun_ratio,0.37229,metrics_output_sabia_web_Zero-shot_3.json
sabia_web,Zero_Shot,cw_freq_brwac,4.06242,metrics_output_sabia_web_Zero-shot_3.json
sabia_web,Zero_Shot,brunet,12.06023,metrics_output_sabia_web_Zero-shot_3.json
sabia_web,Zero_Shot,honore,917.75843,metrics_output_sabia_web_Zero-shot_3.json
sabia_web,Zero_Shot,ttr,0.74892,metrics_output_sabia_web_Zero-shot_3.json
sabia_web,Zero_Shot,gunning_fox,23.3723,metrics_output_sabia_web_Zero-shot_3.json
sabia_web,Zero_Shot,flesch,31.28623,metrics_output_sabia_web_Zero-shot_4.json
sabia_web,Zero_Shot,sentences_per_paragraph,2.77778,metrics_output_sabia_web_Zero-shot_4.json
sabia_web,Zero_Shot,syllables_per_content_word,2.9485,metrics_output_sabia_web_Zero-shot_4.json
sabia_web,Zero_Shot,words_per_sentence,13.96,metrics_output_sabia_web_Zero-shot_4.json
sabia_web,Zero_Shot,noun_ratio,0.39828,metrics_output_sabia_web_Zero-shot_4.json
sabia_web,Zero_Shot,cw_freq_brwac,4.17093,metrics_output_sabia_web_Zero-shot_4.json
sabia_web,Zero_Shot,brunet,11.1544,metrics_output_sabia_web_Zero-shot_4.json
sabia_web,Zero_Shot,honore,1017.13017,metrics_output_sabia_web_Zero-shot_4.json
sabia_web,Zero_Shot,ttr,0.79764,metrics_output_sabia_web_Zero-shot_4.json
sabia_web,Zero_Shot,gunning_fox,22.54675,metrics_output_sabia_web_Zero-shot_4.json
sabia_web,Zero_Shot,flesch,39.48372,metrics_output_sabia_web_Zero-shot_5.json
sabia_web,Zero_Shot,sentences_per_paragraph,2.71429,metrics_output_sabia_web_Zero-shot_5.json
sabia_web,Zero_Shot,syllables_per_content_word,2.97531,metrics_output_sabia_web_Zero-shot_5.json
sabia_web,Zero_Shot,words_per_sentence,13.78947,metrics_output_sabia_web_Zero-shot_5.json
sabia_web,Zero_Shot,noun_ratio,0.31679,metrics_output_sabia_web_Zero-shot_5.json
sabia_web,Zero_Shot,cw_freq_brwac,4.55215,metrics_output_sabia_web_Zero-shot_5.json
sabia_web,Zero_Shot,brunet,11.30687,metrics_output_sabia_web_Zero-shot_5.json
sabia_web,Zero_Shot,honore,1006.53621,metrics_output_sabia_web_Zero-shot_5.json
sabia_web,Zero_Shot,ttr,0.71368,metrics_output_sabia_web_Zero-shot_5.json
sabia_web,Zero_Shot,gunning_fox,21.699,metrics_output_sabia_web_Zero-shot_5.json
sabia_web,Zero_Shot,flesch,34.8943,metrics_output_sabia_web_Zero-shot_6.json
sabia_web,Zero_Shot,sentences_per_paragraph,5.0,metrics_output_sabia_web_Zero-shot_6.json
sabia_web,Zero_Shot,syllables_per_content_word,3.01713,metrics_output_sabia_web_Zero-shot_6.json
sabia_web,Zero_Shot,words_per_sentence,15.16,metrics_output_sabia_web_Zero-shot_6.json
sabia_web,Zero_Shot,noun_ratio,0.29288,metrics_output_sabia_web_Zero-shot_6.json
sabia_web,Zero_Shot,cw_freq_brwac,4.86716,metrics_output_sabia_web_Zero-shot_6.json
sabia_web,Zero_Shot,brunet,13.46717,metrics_output_sabia_web_Zero-shot_6.json
sabia_web,Zero_Shot,honore,665.06646,metrics_output_sabia_web_Zero-shot_6.json
sabia_web,Zero_Shot,ttr,0.71017,metrics_output_sabia_web_Zero-shot_6.json
sabia_web,Zero_Shot,gunning_fox,20.99804,metrics_output_sabia_web_Zero-shot_6.json
sabia_web,Zero_Shot,flesch,37.98928,metrics_output_sabia_web_Zero-shot_7.json
sabia_web,Zero_Shot,sentences_per_paragraph,4.09091,metrics_output_sabia_web_Zero-shot_7.json
sabia_web,Zero_Shot,syllables_per_content_word,2.94537,metrics_output_sabia_web_Zero-shot_7.json
sabia_web,Zero_Shot,words_per_sentence,14.86667,metrics_output_sabia_web_Zero-shot_7.json
sabia_web,Zero_Shot,noun_ratio,0.30493,metrics_output_sabia_web_Zero-shot_7.json
sabia_web,Zero_Shot,cw_freq_brwac,4.79593,metrics_output_sabia_web_Zero-shot_7.json
sabia_web,Zero_Shot,brunet,12.64285,metrics_output_sabia_web_Zero-shot_7.json
sabia_web,Zero_Shot,honore,787.45672,metrics_output_sabia_web_Zero-shot_7.json
sabia_web,Zero_Shot,ttr,0.74114,metrics_output_sabia_web_Zero-shot_7.json
sabia_web,Zero_Shot,gunning_fox,20.89435,metrics_output_sabia_web_Zero-shot_7.json
sabia_web,Zero_Shot,flesch,42.31976,metrics_output_sabia_web_Zero-shot_8.json
sabia_web,Zero_Shot,sentences_per_paragraph,2.0,metrics_output_sabia_web_Zero-shot_8.json
sabia_web,Zero_Shot,syllables_per_content_word,2.91111,metrics_output_sabia_web_Zero-shot_8.json
sabia_web,Zero_Shot,words_per_sentence,14.8,metrics_output_sabia_web_Zero-shot_8.json
sabia_web,Zero_Shot,noun_ratio,0.2973,metrics_output_sabia_web_Zero-shot_8.json
sabia_web,Zero_Shot,cw_freq_brwac,4.67066,metrics_output_sabia_web_Zero-shot_8.json
sabia_web,Zero_Shot,brunet,10.19905,metrics_output_sabia_web_Zero-shot_8.json
sabia_web,Zero_Shot,honore,940.44674,metrics_output_sabia_web_Zero-shot_8.json
sabia_web,Zero_Shot,ttr,0.74184,metrics_output_sabia_web_Zero-shot_8.json
sabia_web,Zero_Shot,gunning_fox,19.97405,metrics_output_sabia_web_Zero-shot_8.json
sabia_web,Zero_Shot,flesch,15.08371,metrics_output_sabia_web_Zero-shot_9.json
sabia_web,Zero_Shot,sentences_per_paragraph,1.43333,metrics_output_sabia_web_Zero-shot_9.json
sabia_web,Zero_Shot,syllables_per_content_word,3.36607,metrics_output_sabia_web_Zero-shot_9.json
sabia_web,Zero_Shot,words_per_sentence,11.93023,metrics_output_sabia_web_Zero-shot_9.json
sabia_web,Zero_Shot,noun_ratio,0.46394,metrics_output_sabia_web_Zero-shot_9.json
sabia_web,Zero_Shot,cw_freq_brwac,3.98893,metrics_output_sabia_web_Zero-shot_9.json
sabia_web,Zero_Shot,brunet,12.39914,metrics_output_sabia_web_Zero-shot_9.json
sabia_web,Zero_Shot,honore,991.01307,metrics_output_sabia_web_Zero-shot_9.json
sabia_web,Zero_Shot,ttr,0.67587,metrics_output_sabia_web_Zero-shot_9.json
sabia_web,Zero_Shot,gunning_fox,24.34324,metrics_output_sabia_web_Zero-shot_9.json
sabia_300-500,Zero_Shot,flesch,12.33813,metrics_sabia_300-500_Zero-shot_0.json
sabia_300-500,Zero_Shot,sentences_per_paragraph,11.0,metrics_sabia_300-500_Zero-shot_0.json
sabia_300-500,Zero_Shot,syllables_per_content_word,2.95156,metrics_sabia_300-500_Zero-shot_0.json
sabia_300-500,Zero_Shot,words_per_sentence,40.45455,metrics_sabia_300-500_Zero-shot_0.json
sabia_300-500,Zero_Shot,noun_ratio,0.42472,metrics_sabia_300-500_Zero-shot_0.json
sabia_300-500,Zero_Shot,cw_freq_brwac,4.38112,metrics_sabia_300-500_Zero-shot_0.json
sabia_300-500,Zero_Shot,brunet,12.49868,metrics_sabia_300-500_Zero-shot_0.json
sabia_300-500,Zero_Shot,honore,728.299,metrics_sabia_300-500_Zero-shot_0.json
sabia_300-500,Zero_Shot,ttr,0.69581,metrics_sabia_300-500_Zero-shot_0.json
sabia_300-500,Zero_Shot,gunning_fox,32.36159,metrics_sabia_300-500_Zero-shot_0.json
sabia_300-500,Zero_Shot,flesch,39.78932,metrics_sabia_300-500_Zero-shot_1.json
sabia_300-500,Zero_Shot,sentences_per_paragraph,1.0,metrics_sabia_300-500_Zero-shot_1.json
sabia_300-500,Zero_Shot,syllables_per_content_word,2.82838,metrics_sabia_300-500_Zero-shot_1.json
sabia_300-500,Zero_Shot,words_per_sentence,19.0,metrics_sabia_300-500_Zero-shot_1.json
sabia_300-500,Zero_Shot,noun_ratio,0.31889,metrics_sabia_300-500_Zero-shot_1.json
sabia_300-500,Zero_Shot,cw_freq_brwac,4.5676,metrics_sabia_300-500_Zero-shot_1.json
sabia_300-500,Zero_Shot,brunet,22.26209,metrics_sabia_300-500_Zero-shot_1.json
sabia_300-500,Zero_Shot,honore,779.61289,metrics_sabia_300-500_Zero-shot_1.json
sabia_300-500,Zero_Shot,ttr,0.27267,metrics_sabia_300-500_Zero-shot_1.json
sabia_300-500,Zero_Shot,gunning_fox,20.04582,metrics_sabia_300-500_Zero-shot_1.json
sabia_300-500,Zero_Shot,flesch,28.84452,metrics_sabia_300-500_Zero-shot_10.json
sabia_300-500,Zero_Shot,sentences_per_paragraph,13.0,metrics_sabia_300-500_Zero-shot_10.json
sabia_300-500,Zero_Shot,syllables_per_content_word,2.90256,metrics_sabia_300-500_Zero-shot_10.json
sabia_300-500,Zero_Shot,words_per_sentence,23.0,metrics_sabia_300-500_Zero-shot_10.json
sabia_300-500,Zero_Shot,noun_ratio,0.45485,metrics_sabia_300-500_Zero-shot_10.json
sabia_300-500,Zero_Shot,cw_freq_brwac,3.62881,metrics_sabia_300-500_Zero-shot_10.json
sabia_300-500,Zero_Shot,brunet,10.76382,metrics_sabia_300-500_Zero-shot_10.json
sabia_300-500,Zero_Shot,honore,1421.7426,metrics_sabia_300-500_Zero-shot_10.json
sabia_300-500,Zero_Shot,ttr,0.78825,metrics_sabia_300-500_Zero-shot_10.json
sabia_300-500,Zero_Shot,gunning_fox,25.11973,metrics_sabia_300-500_Zero-shot_10.json
sabia_300-500,Zero_Shot,flesch,31.39246,metrics_sabia_300-500_Zero-shot_11.json
sabia_300-500,Zero_Shot,sentences_per_paragraph,1.8,metrics_sabia_300-500_Zero-shot_11.json
sabia_300-500,Zero_Shot,syllables_per_content_word,3.0,metrics_sabia_300-500_Zero-shot_11.json
sabia_300-500,Zero_Shot,words_per_sentence,7.66667,metrics_sabia_300-500_Zero-shot_11.json
sabia_300-500,Zero_Shot,noun_ratio,0.56522,metrics_sabia_300-500_Zero-shot_11.json
sabia_300-500,Zero_Shot,cw_freq_brwac,3.4479,metrics_sabia_300-500_Zero-shot_11.json
sabia_300-500,Zero_Shot,brunet,8.6762,metrics_sabia_300-500_Zero-shot_11.json
sabia_300-500,Zero_Shot,honore,1549.88709,metrics_sabia_300-500_Zero-shot_11.json
sabia_300-500,Zero_Shot,ttr,0.85507,metrics_sabia_300-500_Zero-shot_11.json
sabia_300-500,Zero_Shot,gunning_fox,21.61739,metrics_sabia_300-500_Zero-shot_11.json
sabia_300-500,Zero_Shot,flesch,20.8605,metrics_sabia_300-500_Zero-shot_12.json
sabia_300-500,Zero_Shot,sentences_per_paragraph,1.0,metrics_sabia_300-500_Zero-shot_12.json
sabia_300-500,Zero_Shot,syllables_per_content_word,3.27488,metrics_sabia_300-500_Zero-shot_12.json
sabia_300-500,Zero_Shot,words_per_sentence,20.75,metrics_sabia_300-500_Zero-shot_12.json
sabia_300-500,Zero_Shot,noun_ratio,0.40964,metrics_sabia_300-500_Zero-shot_12.json
sabia_300-500,Zero_Shot,cw_freq_brwac,4.4963,metrics_sabia_300-500_Zero-shot_12.json
sabia_300-500,Zero_Shot,brunet,32.65119,metrics_sabia_300-500_Zero-shot_12.json
sabia_300-500,Zero_Shot,honore,264.11923,metrics_sabia_300-500_Zero-shot_12.json
sabia_300-500,Zero_Shot,ttr,0.21004,metrics_sabia_300-500_Zero-shot_12.json
sabia_300-500,Zero_Shot,gunning_fox,22.75783,metrics_sabia_300-500_Zero-shot_12.json
sabia_300-500,Zero_Shot,flesch,36.90986,metrics_sabia_300-500_Zero-shot_13.json
sabia_300-500,Zero_Shot,sentences_per_paragraph,1.0,metrics_sabia_300-500_Zero-shot_13.json
sabia_300-500,Zero_Shot,syllables_per_content_word,2.54762,metrics_sabia_300-500_Zero-shot_13.json
sabia_300-500,Zero_Shot,words_per_sentence,7.66667,metrics_sabia_300-500_Zero-shot_13.json
sabia_300-500,Zero_Shot,noun_ratio,0.91304,metrics_sabia_300-500_Zero-shot_13.json
sabia_300-500,Zero_Shot,cw_freq_brwac,2.35633,metrics_sabia_300-500_Zero-shot_13.json
sabia_300-500,Zero_Shot,brunet,8.4968,metrics_sabia_300-500_Zero-shot_13.json
sabia_300-500,Zero_Shot,honore,706.67208,metrics_sabia_300-500_Zero-shot_13.json
sabia_300-500,Zero_Shot,ttr,0.73913,metrics_sabia_300-500_Zero-shot_13.json
sabia_300-500,Zero_Shot,gunning_fox,25.67536,metrics_sabia_300-500_Zero-shot_13.json
sabia_300-500,Zero_Shot,flesch,10.40862,metrics_sabia_300-500_Zero-shot_14.json
sabia_300-500,Zero_Shot,sentences_per_paragraph,19.0,metrics_sabia_300-500_Zero-shot_14.json
sabia_300-500,Zero_Shot,syllables_per_content_word,3.32319,metrics_sabia_300-500_Zero-shot_14.json
sabia_300-500,Zero_Shot,words_per_sentence,22.05263,metrics_sabia_300-500_Zero-shot_14.json
sabia_300-500,Zero_Shot,noun_ratio,0.39857,metrics_sabia_300-500_Zero-shot_14.json
sabia_300-500,Zero_Shot,cw_freq_brwac,4.28507,metrics_sabia_300-500_Zero-shot_14.json
sabia_300-500,Zero_Shot,brunet,12.23939,metrics_sabia_300-500_Zero-shot_14.json
sabia_300-500,Zero_Shot,honore,695.89526,metrics_sabia_300-500_Zero-shot_14.json
sabia_300-500,Zero_Shot,ttr,0.71981,metrics_sabia_300-500_Zero-shot_14.json
sabia_300-500,Zero_Shot,gunning_fox,25.33657,metrics_sabia_300-500_Zero-shot_14.json
sabia_300-500,Zero_Shot,flesch,27.89081,metrics_sabia_300-500_Zero-shot_15.json
sabia_300-500,Zero_Shot,sentences_per_paragraph,21.0,metrics_sabia_300-500_Zero-shot_15.json
sabia_300-500,Zero_Shot,syllables_per_content_word,3.09962,metrics_sabia_300-500_Zero-shot_15.json
sabia_300-500,Zero_Shot,words_per_sentence,20.33333,metrics_sabia_300-500_Zero-shot_15.json
sabia_300-500,Zero_Shot,noun_ratio,0.363,metrics_sabia_300-500_Zero-shot_15.json
sabia_300-500,Zero_Shot,cw_freq_brwac,4.09586,metrics_sabia_300-500_Zero-shot_15.json
sabia_300-500,Zero_Shot,brunet,12.28676,metrics_sabia_300-500_Zero-shot_15.json
sabia_300-500,Zero_Shot,honore,774.30905,metrics_sabia_300-500_Zero-shot_15.json
sabia_300-500,Zero_Shot,ttr,0.70732,metrics_sabia_300-500_Zero-shot_15.json
sabia_300-500,Zero_Shot,gunning_fox,22.84059,metrics_sabia_300-500_Zero-shot_15.json
sabia_300-500,Zero_Shot,flesch,16.5028,metrics_sabia_300-500_Zero-shot_16.json
sabia_300-500,Zero_Shot,sentences_per_paragraph,5.33333,metrics_sabia_300-500_Zero-shot_16.json
sabia_300-500,Zero_Shot,syllables_per_content_word,3.17537,metrics_sabia_300-500_Zero-shot_16.json
sabia_300-500,Zero_Shot,words_per_sentence,27.375,metrics_sabia_300-500_Zero-shot_16.json
sabia_300-500,Zero_Shot,noun_ratio,0.36301,metrics_sabia_300-500_Zero-shot_16.json
sabia_300-500,Zero_Shot,cw_freq_brwac,4.05816,metrics_sabia_300-500_Zero-shot_16.json
sabia_300-500,Zero_Shot,brunet,12.95153,metrics_sabia_300-500_Zero-shot_16.json
sabia_300-500,Zero_Shot,honore,484.69768,metrics_sabia_300-500_Zero-shot_16.json
sabia_300-500,Zero_Shot,ttr,0.71835,metrics_sabia_300-500_Zero-shot_16.json
sabia_300-500,Zero_Shot,gunning_fox,26.01849,metrics_sabia_300-500_Zero-shot_16.json
sabia_300-500,Zero_Shot,flesch,-157.10563,metrics_sabia_300-500_Zero-shot_17.json
sabia_300-500,Zero_Shot,sentences_per_paragraph,1.0,metrics_sabia_300-500_Zero-shot_17.json
sabia_300-500,Zero_Shot,syllables_per_content_word,2.77391,metrics_sabia_300-500_Zero-shot_17.json
sabia_300-500,Zero_Shot,words_per_sentence,228.5,metrics_sabia_300-500_Zero-shot_17.json
sabia_300-500,Zero_Shot,noun_ratio,0.3326,metrics_sabia_300-500_Zero-shot_17.json
sabia_300-500,Zero_Shot,cw_freq_brwac,4.67051,metrics_sabia_300-500_Zero-shot_17.json
sabia_300-500,Zero_Shot,brunet,25.36942,metrics_sabia_300-500_Zero-shot_17.json
sabia_300-500,Zero_Shot,honore,851.17318,metrics_sabia_300-500_Zero-shot_17.json
sabia_300-500,Zero_Shot,ttr,0.1024,metrics_sabia_300-500_Zero-shot_17.json
sabia_300-500,Zero_Shot,gunning_fox,99.7151,metrics_sabia_300-500_Zero-shot_17.json
sabia_300-500,Zero_Shot,flesch,40.01351,metrics_sabia_300-500_Zero-shot_18.json
sabia_300-500,Zero_Shot,sentences_per_paragraph,37.0,metrics_sabia_300-500_Zero-shot_18.json
sabia_300-500,Zero_Shot,syllables_per_content_word,2.98611,metrics_sabia_300-500_Zero-shot_18.json
sabia_300-500,Zero_Shot,words_per_sentence,9.0,metrics_sabia_300-500_Zero-shot_18.json
sabia_300-500,Zero_Shot,noun_ratio,0.3994,metrics_sabia_300-500_Zero-shot_18.json
sabia_300-500,Zero_Shot,cw_freq_brwac,3.99673,metrics_sabia_300-500_Zero-shot_18.json
sabia_300-500,Zero_Shot,brunet,11.32598,metrics_sabia_300-500_Zero-shot_18.json
sabia_300-500,Zero_Shot,honore,1109.87546,metrics_sabia_300-500_Zero-shot_18.json
sabia_300-500,Zero_Shot,ttr,0.76953,metrics_sabia_300-500_Zero-shot_18.json
sabia_300-500,Zero_Shot,gunning_fox,18.85526,metrics_sabia_300-500_Zero-shot_18.json
sabia_300-500,Zero_Shot,flesch,50.54471,metrics_sabia_300-500_Zero-shot_19.json
sabia_300-500,Zero_Shot,sentences_per_paragraph,4.125,metrics_sabia_300-500_Zero-shot_19.json
sabia_300-500,Zero_Shot,syllables_per_content_word,2.824,metrics_sabia_300-500_Zero-shot_19.json
sabia_300-500,Zero_Shot,words_per_sentence,12.51515,metrics_sabia_300-500_Zero-shot_19.json
sabia_300-500,Zero_Shot,noun_ratio,0.37288,metrics_sabia_300-500_Zero-shot_19.json
sabia_300-500,Zero_Shot,cw_freq_brwac,3.91897,metrics_sabia_300-500_Zero-shot_19.json
sabia_300-500,Zero_Shot,brunet,12.44465,metrics_sabia_300-500_Zero-shot_19.json
sabia_300-500,Zero_Shot,honore,632.99532,metrics_sabia_300-500_Zero-shot_19.json
sabia_300-500,Zero_Shot,ttr,0.73376,metrics_sabia_300-500_Zero-shot_19.json
sabia_300-500,Zero_Shot,gunning_fox,18.75909,metrics_sabia_300-500_Zero-shot_19.json
sabia_300-500,Zero_Shot,flesch,21.93404,metrics_sabia_300-500_Zero-shot_2.json
sabia_300-500,Zero_Shot,sentences_per_paragraph,2.125,metrics_sabia_300-500_Zero-shot_2.json
sabia_300-500,Zero_Shot,syllables_per_content_word,3.18543,metrics_sabia_300-500_Zero-shot_2.json
sabia_300-500,Zero_Shot,words_per_sentence,13.11765,metrics_sabia_300-500_Zero-shot_2.json
sabia_300-500,Zero_Shot,noun_ratio,0.50224,metrics_sabia_300-500_Zero-shot_2.json
sabia_300-500,Zero_Shot,cw_freq_brwac,3.29909,metrics_sabia_300-500_Zero-shot_2.json
sabia_300-500,Zero_Shot,brunet,10.62134,metrics_sabia_300-500_Zero-shot_2.json
sabia_300-500,Zero_Shot,honore,1363.82321,metrics_sabia_300-500_Zero-shot_2.json
sabia_300-500,Zero_Shot,ttr,0.78976,metrics_sabia_300-500_Zero-shot_2.json
sabia_300-500,Zero_Shot,gunning_fox,24.26051,metrics_sabia_300-500_Zero-shot_2.json
sabia_300-500,Zero_Shot,flesch,-14.05013,metrics_sabia_300-500_Zero-shot_20.json
sabia_300-500,Zero_Shot,sentences_per_paragraph,7.0,metrics_sabia_300-500_Zero-shot_20.json
sabia_300-500,Zero_Shot,syllables_per_content_word,3.24082,metrics_sabia_300-500_Zero-shot_20.json
sabia_300-500,Zero_Shot,words_per_sentence,56.42857,metrics_sabia_300-500_Zero-shot_20.json
sabia_300-500,Zero_Shot,noun_ratio,0.49114,metrics_sabia_300-500_Zero-shot_20.json
sabia_300-500,Zero_Shot,cw_freq_brwac,3.48574,metrics_sabia_300-500_Zero-shot_20.json
sabia_300-500,Zero_Shot,brunet,12.26656,metrics_sabia_300-500_Zero-shot_20.json
sabia_300-500,Zero_Shot,honore,1049.45799,metrics_sabia_300-500_Zero-shot_20.json
sabia_300-500,Zero_Shot,ttr,0.66355,metrics_sabia_300-500_Zero-shot_20.json
sabia_300-500,Zero_Shot,gunning_fox,39.88788,metrics_sabia_300-500_Zero-shot_20.json
sabia_300-500,Zero_Shot,flesch,-83.74286,metrics_sabia_300-500_Zero-shot_21.json
sabia_300-500,Zero_Shot,sentences_per_paragraph,4.0,metrics_sabia_300-500_Zero-shot_21.json
sabia_300-500,Zero_Shot,syllables_per_content_word,3.60317,metrics_sabia_300-500_Zero-shot_21.json
sabia_300-500,Zero_Shot,words_per_sentence,105.0,metrics_sabia_300-500_Zero-shot_21.json
sabia_300-500,Zero_Shot,noun_ratio,0.51429,metrics_sabia_300-500_Zero-shot_21.json
sabia_300-500,Zero_Shot,cw_freq_brwac,3.6984,metrics_sabia_300-500_Zero-shot_21.json
sabia_300-500,Zero_Shot,brunet,16.07085,metrics_sabia_300-500_Zero-shot_21.json
sabia_300-500,Zero_Shot,honore,510.84328,metrics_sabia_300-500_Zero-shot_21.json
sabia_300-500,Zero_Shot,ttr,0.45097,metrics_sabia_300-500_Zero-shot_21.json
sabia_300-500,Zero_Shot,gunning_fox,59.80952,metrics_sabia_300-500_Zero-shot_21.json
sabia_300-500,Zero_Shot,flesch,53.16968,metrics_sabia_300-500_Zero-shot_22.json
sabia_300-500,Zero_Shot,sentences_per_paragraph,3.52381,metrics_sabia_300-500_Zero-shot_22.json
sabia_300-500,Zero_Shot,syllables_per_content_word,2.56281,metrics_sabia_300-500_Zero-shot_22.json
sabia_300-500,Zero_Shot,words_per_sentence,11.22973,metrics_sabia_300-500_Zero-shot_22.json
sabia_300-500,Zero_Shot,noun_ratio,0.67509,metrics_sabia_300-500_Zero-shot_22.json
sabia_300-500,Zero_Shot,cw_freq_brwac,2.68361,metrics_sabia_300-500_Zero-shot_22.json
sabia_300-500,Zero_Shot,brunet,30.88994,metrics_sabia_300-500_Zero-shot_22.json
sabia_300-500,Zero_Shot,honore,291.9601,metrics_sabia_300-500_Zero-shot_22.json
sabia_300-500,Zero_Shot,ttr,0.59,metrics_sabia_300-500_Zero-shot_22.json
sabia_300-500,Zero_Shot,gunning_fox,18.2103,metrics_sabia_300-500_Zero-shot_22.json
sabia_300-500,Zero_Shot,flesch,21.97362,metrics_sabia_300-500_Zero-shot_3.json
sabia_300-500,Zero_Shot,sentences_per_paragraph,14.0,metrics_sabia_300-500_Zero-shot_3.json
sabia_300-500,Zero_Shot,syllables_per_content_word,3.05556,metrics_sabia_300-500_Zero-shot_3.json
sabia_300-500,Zero_Shot,words_per_sentence,16.57143,metrics_sabia_300-500_Zero-shot_3.json
sabia_300-500,Zero_Shot,noun_ratio,0.60345,metrics_sabia_300-500_Zero-shot_3.json
sabia_300-500,Zero_Shot,cw_freq_brwac,2.87664,metrics_sabia_300-500_Zero-shot_3.json
sabia_300-500,Zero_Shot,brunet,11.54146,metrics_sabia_300-500_Zero-shot_3.json
sabia_300-500,Zero_Shot,honore,1121.41653,metrics_sabia_300-500_Zero-shot_3.json
sabia_300-500,Zero_Shot,ttr,0.59083,metrics_sabia_300-500_Zero-shot_3.json
sabia_300-500,Zero_Shot,gunning_fox,23.1803,metrics_sabia_300-500_Zero-shot_3.json
sabia_300-500,Zero_Shot,flesch,59.99041,metrics_sabia_300-500_Zero-shot_4.json
sabia_300-500,Zero_Shot,sentences_per_paragraph,1.83784,metrics_sabia_300-500_Zero-shot_4.json
sabia_300-500,Zero_Shot,syllables_per_content_word,2.5754,metrics_sabia_300-500_Zero-shot_4.json
sabia_300-500,Zero_Shot,words_per_sentence,5.05882,metrics_sabia_300-500_Zero-shot_4.json
sabia_300-500,Zero_Shot,noun_ratio,0.50581,metrics_sabia_300-500_Zero-shot_4.json
sabia_300-500,Zero_Shot,cw_freq_brwac,3.59255,metrics_sabia_300-500_Zero-shot_4.json
sabia_300-500,Zero_Shot,brunet,20.97071,metrics_sabia_300-500_Zero-shot_4.json
sabia_300-500,Zero_Shot,honore,258.62949,metrics_sabia_300-500_Zero-shot_4.json
sabia_300-500,Zero_Shot,ttr,0.51082,metrics_sabia_300-500_Zero-shot_4.json
sabia_300-500,Zero_Shot,gunning_fox,17.95376,metrics_sabia_300-500_Zero-shot_4.json
sabia_300-500,Zero_Shot,flesch,9.2189,metrics_sabia_300-500_Zero-shot_5.json
sabia_300-500,Zero_Shot,sentences_per_paragraph,1.0,metrics_sabia_300-500_Zero-shot_5.json
sabia_300-500,Zero_Shot,syllables_per_content_word,3.61,metrics_sabia_300-500_Zero-shot_5.json
sabia_300-500,Zero_Shot,words_per_sentence,17.89474,metrics_sabia_300-500_Zero-shot_5.json
sabia_300-500,Zero_Shot,noun_ratio,0.28235,metrics_sabia_300-500_Zero-shot_5.json
sabia_300-500,Zero_Shot,cw_freq_brwac,4.54657,metrics_sabia_300-500_Zero-shot_5.json
sabia_300-500,Zero_Shot,brunet,17.12428,metrics_sabia_300-500_Zero-shot_5.json
sabia_300-500,Zero_Shot,honore,759.44368,metrics_sabia_300-500_Zero-shot_5.json
sabia_300-500,Zero_Shot,ttr,0.37527,metrics_sabia_300-500_Zero-shot_5.json
sabia_300-500,Zero_Shot,gunning_fox,26.21672,metrics_sabia_300-500_Zero-shot_5.json
sabia_300-500,Zero_Shot,flesch,37.69637,metrics_sabia_300-500_Zero-shot_6.json
sabia_300-500,Zero_Shot,sentences_per_paragraph,1.94737,metrics_sabia_300-500_Zero-shot_6.json
sabia_300-500,Zero_Shot,syllables_per_content_word,3.05106,metrics_sabia_300-500_Zero-shot_6.json
sabia_300-500,Zero_Shot,words_per_sentence,9.89189,metrics_sabia_300-500_Zero-shot_6.json
sabia_300-500,Zero_Shot,noun_ratio,0.34426,metrics_sabia_300-500_Zero-shot_6.json
sabia_300-500,Zero_Shot,cw_freq_brwac,4.13571,metrics_sabia_300-500_Zero-shot_6.json
sabia_300-500,Zero_Shot,brunet,11.68678,metrics_sabia_300-500_Zero-shot_6.json
sabia_300-500,Zero_Shot,honore,1262.98336,metrics_sabia_300-500_Zero-shot_6.json
sabia_300-500,Zero_Shot,ttr,0.67929,metrics_sabia_300-500_Zero-shot_6.json
sabia_300-500,Zero_Shot,gunning_fox,20.89665,metrics_sabia_300-500_Zero-shot_6.json
sabia_300-500,Zero_Shot,flesch,1.45564,metrics_sabia_300-500_Zero-shot_7.json
sabia_300-500,Zero_Shot,sentences_per_paragraph,13.0,metrics_sabia_300-500_Zero-shot_7.json
sabia_300-500,Zero_Shot,syllables_per_content_word,3.24883,metrics_sabia_300-500_Zero-shot_7.json
sabia_300-500,Zero_Shot,words_per_sentence,23.46154,metrics_sabia_300-500_Zero-shot_7.json
sabia_300-500,Zero_Shot,noun_ratio,0.34754,metrics_sabia_300-500_Zero-shot_7.json
sabia_300-500,Zero_Shot,cw_freq_brwac,4.21105,metrics_sabia_300-500_Zero-shot_7.json
sabia_300-500,Zero_Shot,brunet,20.70892,metrics_sabia_300-500_Zero-shot_7.json
sabia_300-500,Zero_Shot,honore,432.45219,metrics_sabia_300-500_Zero-shot_7.json
sabia_300-500,Zero_Shot,ttr,0.27398,metrics_sabia_300-500_Zero-shot_7.json
sabia_300-500,Zero_Shot,gunning_fox,27.35183,metrics_sabia_300-500_Zero-shot_7.json
sabia_300-500,Zero_Shot,flesch,52.65403,metrics_sabia_300-500_Zero-shot_8.json
sabia_300-500,Zero_Shot,sentences_per_paragraph,2.0,metrics_sabia_300-500_Zero-shot_8.json
sabia_300-500,Zero_Shot,syllables_per_content_word,2.57478,metrics_sabia_300-500_Zero-shot_8.json
sabia_300-500,Zero_Shot,words_per_sentence,13.67647,metrics_sabia_300-500_Zero-shot_8.json
sabia_300-500,Zero_Shot,noun_ratio,0.22366,metrics_sabia_300-500_Zero-shot_8.json
sabia_300-500,Zero_Shot,cw_freq_brwac,5.08432,metrics_sabia_300-500_Zero-shot_8.json
sabia_300-500,Zero_Shot,brunet,27.52088,metrics_sabia_300-500_Zero-shot_8.json
sabia_300-500,Zero_Shot,honore,509.24102,metrics_sabia_300-500_Zero-shot_8.json
sabia_300-500,Zero_Shot,ttr,0.21809,metrics_sabia_300-500_Zero-shot_8.json
sabia_300-500,Zero_Shot,gunning_fox,20.78242,metrics_sabia_300-500_Zero-shot_8.json
sabia_300-500,Zero_Shot,flesch,9.34222,metrics_sabia_300-500_Zero-shot_9.json
sabia_300-500,Zero_Shot,sentences_per_paragraph,11.0,metrics_sabia_300-500_Zero-shot_9.json
sabia_300-500,Zero_Shot,syllables_per_content_word,3.24457,metrics_sabia_300-500_Zero-shot_9.json
sabia_300-500,Zero_Shot,words_per_sentence,25.81818,metrics_sabia_300-500_Zero-shot_9.json
sabia_300-500,Zero_Shot,noun_ratio,0.47183,metrics_sabia_300-500_Zero-shot_9.json
sabia_300-500,Zero_Shot,cw_freq_brwac,3.38389,metrics_sabia_300-500_Zero-shot_9.json
sabia_300-500,Zero_Shot,brunet,11.09962,metrics_sabia_300-500_Zero-shot_9.json
sabia_300-500,Zero_Shot,honore,1053.13178,metrics_sabia_300-500_Zero-shot_9.json
sabia_300-500,Zero_Shot,ttr,0.75059,metrics_sabia_300-500_Zero-shot_9.json
sabia_300-500,Zero_Shot,gunning_fox,28.2146,metrics_sabia_300-500_Zero-shot_9.json
